ISO-10303-21;
HEADER;
FILE_DESCRIPTION (( 'STEP AP214' ),
    '1' );
FILE_NAME ('TO39_– FOV 55.STEP',
    '2024-07-17T17:34:46',
    ( '' ),
    ( '' ),
    'SwSTEP 2.0',
    'SolidWorks 2021',
    '' );
FILE_SCHEMA (( 'AUTOMOTIVE_DESIGN' ));
ENDSEC;

DATA;
#1 = CARTESIAN_POINT ( 'NONE',  ( 2.330240609664841589, 7.650000000000001243, -0.7272111440987960584 ) ) ;
#2 = EDGE_CURVE ( 'NONE', #2523, #26, #2136, .T. ) ;
#3 = PLANE ( 'NONE',  #749 ) ;
#4 = CARTESIAN_POINT ( 'NONE',  ( -2.232404234397263210, 0.5000000000000000000, -4.736219096942746454 ) ) ;
#5 = CARTESIAN_POINT ( 'NONE',  ( 2.064751801064715231, -2.574980159653073031E-16, 2.064751801064722336 ) ) ;
#6 = CARTESIAN_POINT ( 'NONE',  ( -2.289806749252027540, 0.1000000000000000056, -4.874801026819437944 ) ) ;
#7 = CARTESIAN_POINT ( 'NONE',  ( -1.664398450963637810, 0.5000000000000000000, -5.033626830303274957 ) ) ;
#8 =( GEOMETRIC_REPRESENTATION_CONTEXT ( 3 ) GLOBAL_UNCERTAINTY_ASSIGNED_CONTEXT ( ( #1428 ) ) GLOBAL_UNIT_ASSIGNED_CONTEXT ( ( #1513, #1734, #150 ) ) REPRESENTATION_CONTEXT ( 'NONE', 'WORKASPACE' ) );
#9 = DIRECTION ( 'NONE',  ( 0.000000000000000000, 1.000000000000000000, 0.000000000000000000 ) ) ;
#10 = CARTESIAN_POINT ( 'NONE',  ( -2.500000000000000444, 8.150000002184949466, -3.686287386450715076E-15 ) ) ;
#11 = CARTESIAN_POINT ( 'NONE',  ( -1.780006688939604897, 7.650000000000002132, 1.143679003825025298 ) ) ;
#12 = UNCERTAINTY_MEASURE_WITH_UNIT (LENGTH_MEASURE( 1.000000000000000082E-05 ), #1754, 'distance_accuracy_value', 'NONE');
#13 = ORIENTED_EDGE ( 'NONE', *, *, #1396, .F. ) ;
#14 = CARTESIAN_POINT ( 'NONE',  ( 2.500000000000000444, 7.650000000000001243, 4.119968255444916849E-15 ) ) ;
#15 = ADVANCED_FACE ( 'NONE', ( #2584 ), #1376, .F. ) ;
#16 = ORIENTED_EDGE ( 'NONE', *, *, #1498, .T. ) ;
#17 = CARTESIAN_POINT ( 'NONE',  ( 2.500000000000000444, 6.950000002184950176, 4.119968255444916849E-15 ) ) ;
#18 = CARTESIAN_POINT ( 'NONE',  ( -3.252606517456513302E-15, 8.600000001092473312, 2.066987300000000083 ) ) ;
#19 = EDGE_CURVE ( 'NONE', #2600, #424, #2381, .T. ) ;
#20 = CARTESIAN_POINT ( 'NONE',  ( -1.631882538264927796, 0.1000000000000000056, -4.984963327980056924 ) ) ;
#21 = ADVANCED_FACE ( 'NONE', ( #2063 ), #655, .T. ) ;
#22 =( BOUNDED_CURVE ( )  B_SPLINE_CURVE ( 2, ( #2014, #1793, #1296, #1284, #1492, #1766, #1074, #2974, #2907 ),
 .UNSPECIFIED., .F., .F. ) 
 B_SPLINE_CURVE_WITH_KNOTS ( ( 3, 2, 2, 2, 3 ),
 ( 0.2499999999999997780, 0.2749999999999999112, 0.2999999999999999334, 0.3250000000000000666, 0.3500000000000000888 ),
 .UNSPECIFIED. ) 
 CURVE ( )  GEOMETRIC_REPRESENTATION_ITEM ( )  RATIONAL_B_SPLINE_CURVE ( ( 1.000000000000000666, 0.9238795325112860723, 1.000000000000000000, 0.9238795325112867385, 1.000000000000000000, 0.9238795325112867385, 1.000000000000000000, 0.9238795325112864054, 1.000000000000000444 ) ) 
 REPRESENTATION_ITEM ( '' )  );
#23 = CARTESIAN_POINT ( 'NONE',  ( -1.040834085586084257E-14, 0.000000000000000000, -2.919999999999999929 ) ) ;
#24 = CARTESIAN_POINT ( 'NONE',  ( 1.767766952966371985, 10.94999999999999929, -1.767766952966365990 ) ) ;
#25 = CARTESIAN_POINT ( 'NONE',  ( 0.02655032280959648133, 7.650000000000003908, 2.336440708561719148 ) ) ;
#26 = VERTEX_POINT ( 'NONE', #3042 ) ;
#27 = CARTESIAN_POINT ( 'NONE',  ( -2.066987299999998751, 10.15000000109247402, -0.8561741729129473955 ) ) ;
#28 = CARTESIAN_POINT ( 'NONE',  ( 0.000000000000000000, 11.15000000000000213, 0.000000000000000000 ) ) ;
#29 = CLOSED_SHELL ( 'NONE', ( #2223, #2159, #777, #2483, #474, #2039 ) ) ;
#30 = ORIENTED_EDGE ( 'NONE', *, *, #1181, .F. ) ;
#31 = CIRCLE ( 'NONE', #1735, 0.2249999999999995337 ) ;
#32 = CARTESIAN_POINT ( 'NONE',  ( 2.066987299999999639, 10.40000000109247402, 3.252606517456513302E-15 ) ) ;
#33 = CARTESIAN_POINT ( 'NONE',  ( 2.500000000000000444, 10.15000000218494947, 4.119968255444916849E-15 ) ) ;
#34 = AXIS2_PLACEMENT_3D ( 'NONE', #2501, #2764, #2297 ) ;
#35 = DIRECTION ( 'NONE',  ( 0.000000000000000000, 1.000000000000000000, 0.000000000000000000 ) ) ;
#36 = ORIENTED_EDGE ( 'NONE', *, *, #2389, .F. ) ;
#37 = LINE ( 'NONE', #960, #336 ) ;
#38 = MECHANICAL_DESIGN_GEOMETRIC_PRESENTATION_REPRESENTATION (  '', ( #956 ), #1689 ) ;
#39 = CARTESIAN_POINT ( 'NONE',  ( 1.767766952966371985, 8.650000002184949466, -1.767766952966365990 ) ) ;
#40 = UNCERTAINTY_MEASURE_WITH_UNIT (LENGTH_MEASURE( 1.000000000000000082E-05 ), #460, 'distance_accuracy_value', 'NONE');
#41 = DIRECTION ( 'NONE',  ( 0.000000000000000000, -1.000000000000000000, 0.000000000000000000 ) ) ;
#42 = VERTEX_POINT ( 'NONE', #907 ) ;
#43 = CARTESIAN_POINT ( 'NONE',  ( -0.8561741729129475065, 8.750000001092473667, 2.066987299999998751 ) ) ;
#44 = SURFACE_STYLE_USAGE ( .BOTH. , #2144 ) ;
#45 = ORIENTED_EDGE ( 'NONE', *, *, #1642, .F. ) ;
#46 = CARTESIAN_POINT ( 'NONE',  ( 1.461580736456475016, 8.900000001092475799, -1.461580736456470131 ) ) ;
#47 = CARTESIAN_POINT ( 'NONE',  ( 0.8561741729129487277, 7.550000001092475266, -2.066987299999998751 ) ) ;
#48 = EDGE_CURVE ( 'NONE', #1879, #1286, #226, .T. ) ;
#49 = SURFACE_STYLE_USAGE ( .BOTH. , #2895 ) ;
#50 = ORIENTED_EDGE ( 'NONE', *, *, #2378, .F. ) ;
#51 = CARTESIAN_POINT ( 'NONE',  ( 0.000000000000000000, 11.15000000000000213, 0.000000000000000000 ) ) ;
#52 = CARTESIAN_POINT ( 'NONE',  ( 2.066987300000001415, 9.650000001092474022, -0.8561741729129417333 ) ) ;
#53 = CIRCLE ( 'NONE', #568, 0.1499999999999992728 ) ;
#54 = DIRECTION ( 'NONE',  ( -0.7071067811865487940, 0.000000000000000000, 0.7071067811865464625 ) ) ;
#55 = CIRCLE ( 'NONE', #1506, 0.3867949192431124339 ) ;
#56 = CARTESIAN_POINT ( 'NONE',  ( -2.232404234397263210, 0.1000000000000000056, -4.736219096942746454 ) ) ;
#57 = VECTOR ( 'NONE', #1815, 1000.000000000000000 ) ;
#58 = ORIENTED_EDGE ( 'NONE', *, *, #48, .F. ) ;
#59 = CARTESIAN_POINT ( 'NONE',  ( -1.461580736456470131, 10.10000000109247509, -1.461580736456475016 ) ) ;
#60 = DIRECTION ( 'NONE',  ( 0.7071067811865491270, 0.000000000000000000, -0.7071067811865461294 ) ) ;
#61 = CARTESIAN_POINT ( 'NONE',  ( 1.461580736456470353, 8.700000001092474733, 1.461580736456474794 ) ) ;
#62 = ORIENTED_EDGE ( 'NONE', *, *, #2009, .T. ) ;
#63 = CARTESIAN_POINT ( 'NONE',  ( 2.066987300000001859, 7.250000001092475443, -0.8561741729129417333 ) ) ;
#64 = CARTESIAN_POINT ( 'NONE',  ( 1.767766952966371985, 10.94999999999999929, -1.767766952966365990 ) ) ;
#65 = CARTESIAN_POINT ( 'NONE',  ( -1.040834085586084257E-14, 0.1000000000000000056, -2.919999999999999929 ) ) ;
#66 = EDGE_CURVE ( 'NONE', #708, #403, #2774, .T. ) ;
#67 = VERTEX_POINT ( 'NONE', #3005 ) ;
#68 = CARTESIAN_POINT ( 'NONE',  ( 2.064751801064715231, 0.000000000000000000, 2.064751801064722336 ) ) ;
#69 = CARTESIAN_POINT ( 'NONE',  ( -1.461580736456474794, 10.10000000109247509, 1.461580736456470353 ) ) ;
#70 = CARTESIAN_POINT ( 'NONE',  ( 1.767766952966366212, 9.250000002184949111, 1.767766952966371763 ) ) ;
#71 = CARTESIAN_POINT ( 'NONE',  ( 1.767766920968534272, 7.650000000000001243, 1.767766984964202814 ) ) ;
#72 = CARTESIAN_POINT ( 'NONE',  ( -2.500000000000002220, 9.699999999999999289, 1.035533905932732868 ) ) ;
#73 = ORIENTED_EDGE ( 'NONE', *, *, #2713, .T. ) ;
#74 = CARTESIAN_POINT ( 'NONE',  ( 2.066987300000001415, 9.050000001092479707, -0.8561741729129417333 ) ) ;
#75 = AXIS2_PLACEMENT_3D ( 'NONE', #363, #1112, #2050 ) ;
#76 = CARTESIAN_POINT ( 'NONE',  ( 0.8561741729129421774, 7.850000001092475088, 2.066987300000001859 ) ) ;
#77 = ORIENTED_EDGE ( 'NONE', *, *, #235, .F. ) ;
#78 = CARTESIAN_POINT ( 'NONE',  ( 2.066987299999999639, 7.200000001092475621, 3.252606517456513302E-15 ) ) ;
#79 = CARTESIAN_POINT ( 'NONE',  ( 1.035533905932733978, 10.69999999999999929, 2.500000000000002220 ) ) ;
#80 = FACE_OUTER_BOUND ( 'NONE', #1883, .T. ) ;
#81 = DIRECTION ( 'NONE',  ( 0.000000000000000000, 0.000000000000000000, 1.000000000000000000 ) ) ;
#82 = ORIENTED_EDGE ( 'NONE', *, *, #1123, .F. ) ;
#83 = DIRECTION ( 'NONE',  ( 0.000000000000000000, -1.000000000000000000, 0.000000000000000000 ) ) ;
#84 = CARTESIAN_POINT ( 'NONE',  ( -1.461580736456470131, 8.300000001092474378, -1.461580736456475016 ) ) ;
#85 = CARTESIAN_POINT ( 'NONE',  ( 1.767766952966371985, 9.450000002184950176, -1.767766952966365990 ) ) ;
#86 = DIRECTION ( 'NONE',  ( -0.7071067811865483499, 0.000000000000000000, 0.7071067811865465735 ) ) ;
#87 = CARTESIAN_POINT ( 'NONE',  ( 1.040834085586084257E-14, -6.399999999999999467, 2.919999999999999929 ) ) ;
#88 = DIRECTION ( 'NONE',  ( 0.7071067811865484609, 0.000000000000000000, -0.7071067811865465735 ) ) ;
#89 = CARTESIAN_POINT ( 'NONE',  ( 1.035533905932741972, 9.400000000000002132, -2.499999999999998668 ) ) ;
#90 = CARTESIAN_POINT ( 'NONE',  ( 3.469446951953614189E-15, 8.400000001092474022, -2.066987300000000083 ) ) ;
#91 = ORIENTED_EDGE ( 'NONE', *, *, #661, .T. ) ;
#92 = CARTESIAN_POINT ( 'NONE',  ( 3.469446951953614189E-15, 9.200000001092474733, -2.066987300000000083 ) ) ;
#93 = CARTESIAN_POINT ( 'NONE',  ( -0.1590990257669837038, 0.1000000000000000056, -2.760900974233027494 ) ) ;
#94 = EDGE_LOOP ( 'NONE', ( #2688, #619, #1517, #2875 ) ) ;
#95 = CARTESIAN_POINT ( 'NONE',  ( -2.500000000000001332, 8.099999999999999645, 1.035533905932742638 ) ) ;
#96 = EDGE_CURVE ( 'NONE', #2662, #2317, #1677, .T. ) ;
#97 = CARTESIAN_POINT ( 'NONE',  ( 3.469446951953614189E-15, 9.000000001092473667, -2.066987300000000083 ) ) ;
#98 = CARTESIAN_POINT ( 'NONE',  ( -3.903127820947815962E-15, 9.950000002184948400, 2.500000000000000444 ) ) ;
#99 = CARTESIAN_POINT ( 'NONE',  ( 0.000000000000000000, 7.650000000000001243, 0.000000000000000000 ) ) ;
#100 = VECTOR ( 'NONE', #1786, 1000.000000000000000 ) ;
#101 = CARTESIAN_POINT ( 'NONE',  ( -1.827866982996383616, 0.1000000000000000056, -5.066142743001985416 ) ) ;
#102 = ORIENTED_EDGE ( 'NONE', *, *, #2550, .F. ) ;
#103 = CARTESIAN_POINT ( 'NONE',  ( -1.035533905932745968, 8.300000002184948045, 2.499999999999999556 ) ) ;
#104 = AXIS2_PLACEMENT_3D ( 'NONE', #379, #1314, #2535 ) ;
#105 = EDGE_LOOP ( 'NONE', ( #2664, #686, #2183, #177 ) ) ;
#106 = EDGE_CURVE ( 'NONE', #210, #366, #1067, .T. ) ;
#107 = CARTESIAN_POINT ( 'NONE',  ( 2.066987299999998751, 10.55000000109247615, 0.8561741729129487277 ) ) ;
#108 = ORIENTED_EDGE ( 'NONE', *, *, #161, .F. ) ;
#109 = CARTESIAN_POINT ( 'NONE',  ( -1.767766952966371763, 8.949999999999999289, 1.767766952966366212 ) ) ;
#110 = ADVANCED_FACE ( 'NONE', ( #1012 ), #998, .T. ) ;
#111 = CARTESIAN_POINT ( 'NONE',  ( -3.252606517456513302E-15, 7.800000001092475266, 2.066987300000000083 ) ) ;
#112 = CARTESIAN_POINT ( 'NONE',  ( -1.767766952966365990, 10.45000000218495018, -1.767766952966371985 ) ) ;
#113 = CARTESIAN_POINT ( 'NONE',  ( -2.064751801064715231, 0.000000000000000000, -2.064751801064722336 ) ) ;
#114 = EDGE_CURVE ( 'NONE', #2954, #2302, #1908, .T. ) ;
#115 = DIRECTION ( 'NONE',  ( -0.7071067811865486830, 0.000000000000000000, 0.7071067811865462405 ) ) ;
#116 =( BOUNDED_CURVE ( )  B_SPLINE_CURVE ( 2, ( #1251, #2204, #33, #1408, #1185, #957, #2133, #1995, #2561 ),
 .UNSPECIFIED., .F., .F. ) 
 B_SPLINE_CURVE_WITH_KNOTS ( ( 3, 2, 2, 2, 3 ),
 ( 0.05000000000000013461, 0.07500000000000009437, 0.1000000000000000611, 0.1250000000000000278, 0.1499999999999999667 ),
 .UNSPECIFIED. ) 
 CURVE ( )  GEOMETRIC_REPRESENTATION_ITEM ( )  RATIONAL_B_SPLINE_CURVE ( ( 0.9999999999999995559, 0.9238795325112871826, 1.000000000000000000, 0.9238795325112867385, 1.000000000000000000, 0.9238795325112867385, 1.000000000000000000, 0.9238795325112868495, 0.9999999999999998890 ) ) 
 REPRESENTATION_ITEM ( '' )  );
#117 = AXIS2_PLACEMENT_3D ( 'NONE', #2229, #1050, #1991 ) ;
#118 = VERTEX_POINT ( 'NONE', #1266 ) ;
#119 = CARTESIAN_POINT ( 'NONE',  ( -1.461580736456470131, 10.10000000109247509, -1.461580736456475016 ) ) ;
#120 = CARTESIAN_POINT ( 'NONE',  ( -1.035533905932740861, 8.200000000000002842, 2.499999999999999112 ) ) ;
#121 = AXIS2_PLACEMENT_3D ( 'NONE', #1366, #443, #1816 ) ;
#122 = DIRECTION ( 'NONE',  ( 0.000000000000000000, -1.000000000000000000, -0.000000000000000000 ) ) ;
#123 = VERTEX_POINT ( 'NONE', #2485 ) ;
#124 = LINE ( 'NONE', #1974, #2212 ) ;
#125 = ADVANCED_FACE ( 'NONE', ( #2941 ), #1761, .F. ) ;
#126 = DIRECTION ( 'NONE',  ( -0.7071067811865486830, 0.000000000000000000, 0.7071067811865462405 ) ) ;
#127 = AXIS2_PLACEMENT_3D ( 'NONE', #191, #1119, #636 ) ;
#128 = CARTESIAN_POINT ( 'NONE',  ( -1.035533905932733534, 8.800000002184949821, -2.500000000000002220 ) ) ;
#129 = VECTOR ( 'NONE', #756, 1000.000000000000000 ) ;
#130 = CARTESIAN_POINT ( 'NONE',  ( -1.040834085586084257E-14, 0.1000000000000000056, -2.919999999999999929 ) ) ;
#131 = AXIS2_PLACEMENT_3D ( 'NONE', #2454, #140, #2182 ) ;
#132 = ORIENTED_EDGE ( 'NONE', *, *, #627, .T. ) ;
#133 = DIRECTION ( 'NONE',  ( 0.000000000000000000, -1.000000000000000000, -0.000000000000000000 ) ) ;
#134 = PLANE ( 'NONE',  #2139 ) ;
#135 = ADVANCED_FACE ( 'NONE', ( #2698 ), #1997, .T. ) ;
#136 = ORIENTED_EDGE ( 'NONE', *, *, #1302, .T. ) ;
#137 = ORIENTED_EDGE ( 'NONE', *, *, #589, .F. ) ;
#138 = CARTESIAN_POINT ( 'NONE',  ( -2.066987300000001859, 7.850000001092475088, 0.8561741729129409562 ) ) ;
#139 = EDGE_CURVE ( 'NONE', #2316, #2492, #1779, .T. ) ;
#140 = DIRECTION ( 'NONE',  ( 0.000000000000000000, 1.000000000000000000, 0.000000000000000000 ) ) ;
#141 = DIRECTION ( 'NONE',  ( -0.7071067811865486830, 0.000000000000000000, 0.7071067811865462405 ) ) ;
#142 = VERTEX_POINT ( 'NONE', #2684 ) ;
#143 = CYLINDRICAL_SURFACE ( 'NONE', #2312, 1.949999999999999734 ) ;
#144 = AXIS2_PLACEMENT_3D ( 'NONE', #2140, #41, #963 ) ;
#145 = CYLINDRICAL_SURFACE ( 'NONE', #1977, 4.650000000000001243 ) ;
#146 = CARTESIAN_POINT ( 'NONE',  ( -1.770464468141619507, 0.5000000000000000000, -4.927560813125293926 ) ) ;
#147 = DIRECTION ( 'NONE',  ( 0.000000000000000000, -1.000000000000000000, 0.000000000000000000 ) ) ;
#148 = AXIS2_PLACEMENT_3D ( 'NONE', #248, #1176, #2608 ) ;
#149 = DIRECTION ( 'NONE',  ( 0.000000000000000000, -1.000000000000000000, 0.000000000000000000 ) ) ;
#150 =( NAMED_UNIT ( * ) SI_UNIT ( $, .STERADIAN. ) SOLID_ANGLE_UNIT ( ) );
#151 = DIRECTION ( 'NONE',  ( 0.000000000000000000, 1.000000000000000000, 0.000000000000000000 ) ) ;
#152 = VERTEX_POINT ( 'NONE', #571 ) ;
#153 = VERTEX_POINT ( 'NONE', #1055 ) ;
#154 = CARTESIAN_POINT ( 'NONE',  ( 3.469446951953614189E-15, 8.400000001092474022, -2.066987300000000083 ) ) ;
#155 = EDGE_CURVE ( 'NONE', #1879, #174, #55, .T. ) ;
#156 = APPLICATION_PROTOCOL_DEFINITION ( 'draft international standard', 'automotive_design', 1998, #1110 ) ;
#157 = TOROIDAL_SURFACE ( 'NONE', #2215, 4.860000000000000320, 0.7500000000000001110 ) ;
#158 = ORIENTED_EDGE ( 'NONE', *, *, #1089, .T. ) ;
#159 = CARTESIAN_POINT ( 'NONE',  ( -2.121320343559648158, 11.65000000000000036, 2.121320343559641053 ) ) ;
#160 = DIRECTION ( 'NONE',  ( 0.000000000000000000, -1.000000000000000000, 0.000000000000000000 ) ) ;
#161 = EDGE_CURVE ( 'NONE', #2833, #118, #1765, .T. ) ;
#162 = DIRECTION ( 'NONE',  ( 0.000000000000000000, 1.000000000000000000, 0.000000000000000000 ) ) ;
#163 = EDGE_LOOP ( 'NONE', ( #2198, #2659 ) ) ;
#164 = CARTESIAN_POINT ( 'NONE',  ( -2.500000000000002220, 8.899999999999998579, 1.035533905932727761 ) ) ;
#165 = CARTESIAN_POINT ( 'NONE',  ( 1.767766952966371985, 9.350000000000001421, -1.767766952966365990 ) ) ;
#166 = ORIENTED_EDGE ( 'NONE', *, *, #1623, .F. ) ;
#167 = VERTEX_POINT ( 'NONE', #2499 ) ;
#168 = CARTESIAN_POINT ( 'NONE',  ( -1.035533905932733534, 10.40000000218494947, -2.500000000000002220 ) ) ;
#169 = ORIENTED_EDGE ( 'NONE', *, *, #863, .T. ) ;
#170 = DIRECTION ( 'NONE',  ( 0.000000000000000000, 1.000000000000000000, 0.000000000000000000 ) ) ;
#171 = CARTESIAN_POINT ( 'NONE',  ( -2.066987299999999195, 10.15000000109247580, -0.8561741729129475065 ) ) ;
#172 = DIRECTION ( 'NONE',  ( 0.000000000000000000, 1.000000000000000000, 0.000000000000000000 ) ) ;
#173 = DIRECTION ( 'NONE',  ( 0.7071067811865486830, 0.000000000000000000, -0.7071067811865463515 ) ) ;
#174 = VERTEX_POINT ( 'NONE', #2013 ) ;
#175 = FACE_OUTER_BOUND ( 'NONE', #1313, .T. ) ;
#176 = ORIENTED_EDGE ( 'NONE', *, *, #2279, .T. ) ;
#177 = ORIENTED_EDGE ( 'NONE', *, *, #633, .T. ) ;
#178 = CARTESIAN_POINT ( 'NONE',  ( 0.000000000000000000, 7.650000000000001243, 0.000000000000000000 ) ) ;
#179 = CIRCLE ( 'NONE', #606, 0.1499999999999991340 ) ;
#180 = EDGE_LOOP ( 'NONE', ( #1105, #2017, #968, #658 ) ) ;
#181 = DIRECTION ( 'NONE',  ( -0.7071067811865487940, 0.000000000000000000, 0.7071067811865463515 ) ) ;
#182 = CARTESIAN_POINT ( 'NONE',  ( -1.631882538264927796, 0.5000000000000000000, -4.984963327980056924 ) ) ;
#183 = DIRECTION ( 'NONE',  ( -0.7071067811865486830, 0.000000000000000000, 0.7071067811865464625 ) ) ;
#184 = EDGE_CURVE ( 'NONE', #1358, #1286, #427, .T. ) ;
#185 = DIRECTION ( 'NONE',  ( 0.7071067811865487940, 0.000000000000000000, -0.7071067811865462405 ) ) ;
#186 = CARTESIAN_POINT ( 'NONE',  ( 0.1590990257669627483, 0.1000000000000000056, -3.079099025766972364 ) ) ;
#187 = CARTESIAN_POINT ( 'NONE',  ( -3.436538956566627334, 10.07000000000000028, 3.436538956566615788 ) ) ;
#188 = DIRECTION ( 'NONE',  ( 0.000000000000000000, -1.000000000000000000, 0.000000000000000000 ) ) ;
#189 = FACE_BOUND ( 'NONE', #1500, .T. ) ;
#190 = ORIENTED_EDGE ( 'NONE', *, *, #96, .T. ) ;
#191 = CARTESIAN_POINT ( 'NONE',  ( 0.000000000000000000, 6.650000000000001243, 0.000000000000000000 ) ) ;
#192 = DIRECTION ( 'NONE',  ( 0.000000000000000000, 1.000000000000000000, 0.000000000000000000 ) ) ;
#193 = AXIS2_PLACEMENT_3D ( 'NONE', #5, #1584, #2545 ) ;
#194 = EDGE_CURVE ( 'NONE', #453, #2397, #588, .T. ) ;
#195 = VERTEX_POINT ( 'NONE', #556 ) ;
#196 = CARTESIAN_POINT ( 'NONE',  ( 2.066987299999999639, 10.40000000109247402, 3.252606517456513302E-15 ) ) ;
#197 = CARTESIAN_POINT ( 'NONE',  ( 1.040834085586084257E-14, 0.1000000000000000056, 2.919999999999999929 ) ) ;
#198 = VECTOR ( 'NONE', #901, 1000.000000000000000 ) ;
#199 = CARTESIAN_POINT ( 'NONE',  ( -1.905652775297741464, 0.1000000000000000056, -2.223850826831695215 ) ) ;
#200 = DIRECTION ( 'NONE',  ( 0.7071067811865487940, 0.000000000000000000, -0.7071067811865462405 ) ) ;
#201 = EDGE_CURVE ( 'NONE', #855, #671, #1529, .T. ) ;
#202 = FACE_OUTER_BOUND ( 'NONE', #1303, .T. ) ;
#203 = EDGE_CURVE ( 'NONE', #2683, #883, #296, .T. ) ;
#204 = DIRECTION ( 'NONE',  ( -0.7071067811865487940, 0.000000000000000000, 0.7071067811865463515 ) ) ;
#205 = EDGE_LOOP ( 'NONE', ( #2127, #1124 ) ) ;
#206 = DIRECTION ( 'NONE',  ( 0.000000000000000000, 1.000000000000000000, 0.000000000000000000 ) ) ;
#207 =( NAMED_UNIT ( * ) PLANE_ANGLE_UNIT ( ) SI_UNIT ( $, .RADIAN. ) );
#208 = FILL_AREA_STYLE_COLOUR ( '', #845 ) ;
#209 = EDGE_CURVE ( 'NONE', #1756, #461, #1593, .T. ) ;
#210 = VERTEX_POINT ( 'NONE', #779 ) ;
#211 = DIRECTION ( 'NONE',  ( 0.7071067811865486830, 0.000000000000000000, -0.7071067811865462405 ) ) ;
#212 = CARTESIAN_POINT ( 'NONE',  ( 0.000000000000000000, 9.350000000000001421, 0.000000000000000000 ) ) ;
#213 = DIRECTION ( 'NONE',  ( 0.000000000000000000, 1.000000000000000000, 0.000000000000000000 ) ) ;
#214 = ORIENTED_EDGE ( 'NONE', *, *, #2147, .F. ) ;
#215 = CARTESIAN_POINT ( 'NONE',  ( -1.767766952966371763, 7.450000002184950176, 1.767766952966366212 ) ) ;
#216 = CARTESIAN_POINT ( 'NONE',  ( 1.461580736456470353, 8.700000001092474733, 1.461580736456474794 ) ) ;
#217 = VECTOR ( 'NONE', #1168, 1000.000000000000000 ) ;
#218 = CARTESIAN_POINT ( 'NONE',  ( 2.446818050317308035, 7.650000000000003020, -0.3717709916353728605 ) ) ;
#219 = CARTESIAN_POINT ( 'NONE',  ( 2.066987300000001859, 7.250000001092475443, -0.8561741729129417333 ) ) ;
#220 = EDGE_CURVE ( 'NONE', #450, #1737, #2309, .T. ) ;
#221 = VECTOR ( 'NONE', #2022, 1000.000000000000000 ) ;
#222 = CARTESIAN_POINT ( 'NONE',  ( -1.767766952966365990, 9.650000002184949466, -1.767766952966371985 ) ) ;
#223 = CARTESIAN_POINT ( 'NONE',  ( 0.000000000000000000, 7.650000000000001243, 0.000000000000000000 ) ) ;
#224 = DIRECTION ( 'NONE',  ( -0.7071067811865486830, 0.000000000000000000, 0.7071067811865464625 ) ) ;
#225 = VERTEX_POINT ( 'NONE', #1748 ) ;
#226 = LINE ( 'NONE', #2331, #798 ) ;
#228 = EDGE_CURVE ( 'NONE', #1612, #304, #2637, .T. ) ;
#227 = CARTESIAN_POINT ( 'NONE',  ( -1.372599539574684169, 0.5000000000000000000, -4.358998796049315061 ) ) ;
#229 = ORIENTED_EDGE ( 'NONE', *, *, #1834, .F. ) ;
#230 = CARTESIAN_POINT ( 'NONE',  ( -2.066987299999999195, 9.150000001092475799, -0.8561741729129475065 ) ) ;
#231 = CARTESIAN_POINT ( 'NONE',  ( 2.066987299999998751, 8.750000001092473667, 0.8561741729129487277 ) ) ;
#232 = CARTESIAN_POINT ( 'NONE',  ( -3.252606517456513302E-15, 8.600000001092473312, 2.066987300000000083 ) ) ;
#233 = DIRECTION ( 'NONE',  ( 0.000000000000000000, -1.000000000000000000, 0.000000000000000000 ) ) ;
#234 =( LENGTH_UNIT ( ) NAMED_UNIT ( * ) SI_UNIT ( .MILLI., .METRE. ) );
#235 = EDGE_CURVE ( 'NONE', #403, #1988, #1087, .T. ) ;
#236 = CARTESIAN_POINT ( 'NONE',  ( 0.2735053103252980677, 0.000000000000000000, -3.193505310325307267 ) ) ;
#237 = FACE_OUTER_BOUND ( 'NONE', #732, .T. ) ;
#238 = ORIENTED_EDGE ( 'NONE', *, *, #2270, .F. ) ;
#239 = DIRECTION ( 'NONE',  ( -0.7071067811865486830, 0.000000000000000000, 0.7071067811865462405 ) ) ;
#240 = ORIENTED_EDGE ( 'NONE', *, *, #980, .F. ) ;
#241 = CARTESIAN_POINT ( 'NONE',  ( 1.035533905932733978, 7.600000002184949643, 2.500000000000002220 ) ) ;
#242 = CARTESIAN_POINT ( 'NONE',  ( 2.066987299999999639, 8.800000001092474378, 3.252606517456513302E-15 ) ) ;
#243 = EDGE_CURVE ( 'NONE', #2048, #1417, #2409, .T. ) ;
#244 = AXIS2_PLACEMENT_3D ( 'NONE', #51, #2398, #287 ) ;
#245 = CARTESIAN_POINT ( 'NONE',  ( 0.1069863019943224358, 7.650000000000003908, -2.169275729499150263 ) ) ;
#246 = CARTESIAN_POINT ( 'NONE',  ( 0.1590990257669627483, -6.399999999999999467, -3.079099025766972364 ) ) ;
#247 = CARTESIAN_POINT ( 'NONE',  ( -1.770464468141619507, 0.1000000000000000056, -4.927560813125293926 ) ) ;
#248 = CARTESIAN_POINT ( 'NONE',  ( 1.040834085586084257E-14, 0.000000000000000000, 2.919999999999999929 ) ) ;
#249 = DIRECTION ( 'NONE',  ( 0.7071067811865486830, 0.000000000000000000, -0.7071067811865462405 ) ) ;
#250 = CARTESIAN_POINT ( 'NONE',  ( -0.7010125007064579306, 7.650000000000001243, 2.154550021601325582 ) ) ;
#251 = ORIENTED_EDGE ( 'NONE', *, *, #2, .F. ) ;
#252 = CARTESIAN_POINT ( 'NONE',  ( -1.461580736456474794, 10.30000000109247438, 1.461580736456470353 ) ) ;
#253 = DIRECTION ( 'NONE',  ( 0.000000000000000000, -1.000000000000000000, 0.000000000000000000 ) ) ;
#254 = ORIENTED_EDGE ( 'NONE', *, *, #414, .F. ) ;
#255 = CARTESIAN_POINT ( 'NONE',  ( -3.252606517456513302E-15, 9.400000001092474022, 2.066987300000000083 ) ) ;
#256 = CARTESIAN_POINT ( 'NONE',  ( 2.066987299999999639, 8.000000001092473667, 3.252606517456513302E-15 ) ) ;
#257 = ORIENTED_EDGE ( 'NONE', *, *, #2697, .F. ) ;
#258 = DIRECTION ( 'NONE',  ( 0.7071067811865482389, 0.000000000000000000, -0.7071067811865469066 ) ) ;
#259 = DIRECTION ( 'NONE',  ( -0.7071067811865486830, 0.000000000000000000, 0.7071067811865462405 ) ) ;
#260 = CONICAL_SURFACE ( 'NONE', #1138, 4.150000000000001243, 0.7853981633974457255 ) ;
#261 = PRESENTATION_STYLE_ASSIGNMENT (( #2370 ) ) ;
#262 = ORIENTED_EDGE ( 'NONE', *, *, #1669, .F. ) ;
#263 = CARTESIAN_POINT ( 'NONE',  ( -0.8561741729129475065, 10.35000000109247509, 2.066987299999998751 ) ) ;
#264 = EDGE_CURVE ( 'NONE', #26, #2465, #1147, .T. ) ;
#265 = SURFACE_STYLE_FILL_AREA ( #480 ) ;
#266 = CLOSED_SHELL ( 'NONE', ( #1828, #455, #639, #2335, #569, #400, #295, #2641, #1925, #2567, #2053, #1551, #423, #2953, #538, #1605, #2503, #15, #1718, #1990, #1946, #2704, #2474, #2706, #1480, #2932, #1100, #2917, #1545, #2447, #1448, #125 ) ) ;
#267 = EDGE_LOOP ( 'NONE', ( #137, #559, #2854, #1796 ) ) ;
#268 = CARTESIAN_POINT ( 'NONE',  ( -2.066987299999999195, 8.550000001092477930, -0.8561741729129475065 ) ) ;
#269 = CARTESIAN_POINT ( 'NONE',  ( 2.066987300000001859, 8.850000001092473312, -0.8561741729129417333 ) ) ;
#270 = CIRCLE ( 'NONE', #803, 0.2249999999999995337 ) ;
#271 = DIRECTION ( 'NONE',  ( 0.7071067811865486830, 0.000000000000000000, -0.7071067811865463515 ) ) ;
#272 = ORIENTED_EDGE ( 'NONE', *, *, #139, .F. ) ;
#273 = CARTESIAN_POINT ( 'NONE',  ( -1.461580736456474794, 7.700000001092475621, 1.461580736456470353 ) ) ;
#274 = FACE_OUTER_BOUND ( 'NONE', #2725, .T. ) ;
#275 = DIRECTION ( 'NONE',  ( 0.000000000000000000, -1.000000000000000000, 0.000000000000000000 ) ) ;
#276 = CARTESIAN_POINT ( 'NONE',  ( 1.767766920968534272, 7.650000000000001243, 1.767766984964202814 ) ) ;
#277 = EDGE_LOOP ( 'NONE', ( #2672, #356, #1659, #1787 ) ) ;
#278 = CARTESIAN_POINT ( 'NONE',  ( 1.461580736456475016, 9.100000001092475088, -1.461580736456470131 ) ) ;
#279 = AXIS2_PLACEMENT_3D ( 'NONE', #1525, #585, #88 ) ;
#280 = CARTESIAN_POINT ( 'NONE',  ( -1.461580736456474794, 8.500000001092473667, 1.461580736456470353 ) ) ;
#281 = ORIENTED_EDGE ( 'NONE', *, *, #685, .F. ) ;
#282 = CARTESIAN_POINT ( 'NONE',  ( -2.066987300000001859, 8.650000001092475799, 0.8561741729129409562 ) ) ;
#283 = CARTESIAN_POINT ( 'NONE',  ( -1.461580736456474794, 10.30000000109247438, 1.461580736456470353 ) ) ;
#284 = EDGE_CURVE ( 'NONE', #403, #708, #974, .T. ) ;
#285 =( NAMED_UNIT ( * ) PLANE_ANGLE_UNIT ( ) SI_UNIT ( $, .RADIAN. ) );
#286 = VERTEX_POINT ( 'NONE', #1340 ) ;
#287 = DIRECTION ( 'NONE',  ( -0.7071067811865486830, 0.000000000000000000, 0.7071067811865462405 ) ) ;
#288 = CARTESIAN_POINT ( 'NONE',  ( -0.8561741729129415113, 10.65000000109247758, -2.066987300000001415 ) ) ;
#289 = FACE_OUTER_BOUND ( 'NONE', #1346, .T. ) ;
#290 = FACE_OUTER_BOUND ( 'NONE', #712, .T. ) ;
#291 = EDGE_CURVE ( 'NONE', #286, #195, #614, .T. ) ;
#292 = CYLINDRICAL_SURFACE ( 'NONE', #2111, 4.650000000000001243 ) ;
#293 = VECTOR ( 'NONE', #695, 1000.000000000000000 ) ;
#294 = CARTESIAN_POINT ( 'NONE',  ( -1.035533905932740861, 9.000000000000001776, 2.499999999999999112 ) ) ;
#295 = ADVANCED_FACE ( 'NONE', ( #1670 ), #292, .T. ) ;
#296 = CIRCLE ( 'NONE', #823, 0.1499999999999991340 ) ;
#297 = AXIS2_PLACEMENT_3D ( 'NONE', #2219, #1782, #2515 ) ;
#298 = EDGE_LOOP ( 'NONE', ( #2585, #2346, #1388, #1354 ) ) ;
#299 = CARTESIAN_POINT ( 'NONE',  ( -0.8561741729129475065, 7.950000001092475621, 2.066987299999998751 ) ) ;
#300 = CARTESIAN_POINT ( 'NONE',  ( 2.066987300000001859, 8.050000001092476154, -0.8561741729129417333 ) ) ;
#301 = ORIENTED_EDGE ( 'NONE', *, *, #1866, .T. ) ;
#302 = CARTESIAN_POINT ( 'NONE',  ( 1.461580736456470353, 8.900000001092475799, 1.461580736456474794 ) ) ;
#303 = CARTESIAN_POINT ( 'NONE',  ( -1.461580736456470131, 7.700000001092476509, -1.461580736456475016 ) ) ;
#304 = VERTEX_POINT ( 'NONE', #2640 ) ;
#305 = CARTESIAN_POINT ( 'NONE',  ( 1.035533905932736864, 7.799999999999999822, -2.499999999999998668 ) ) ;
#306 = CARTESIAN_POINT ( 'NONE',  ( 3.469446951953614189E-15, 9.800000001092474378, -2.066987300000000083 ) ) ;
#307 = CARTESIAN_POINT ( 'NONE',  ( 4.336808689942017736E-15, 8.750000002184949111, -2.500000000000000444 ) ) ;
#308 = DIRECTION ( 'NONE',  ( 0.000000000000000000, -1.000000000000000000, 0.000000000000000000 ) ) ;
#309 = FACE_OUTER_BOUND ( 'NONE', #2097, .T. ) ;
#310 = CARTESIAN_POINT ( 'NONE',  ( 2.500000000000000444, 9.250000000000000000, 4.119968255444916849E-15 ) ) ;
#311 = CARTESIAN_POINT ( 'NONE',  ( -1.461580736456470131, 7.700000001092476509, -1.461580736456475016 ) ) ;
#312 = VECTOR ( 'NONE', #2364, 1000.000000000000227 ) ;
#313 = MECHANICAL_DESIGN_GEOMETRIC_PRESENTATION_REPRESENTATION (  '', ( #2582 ), #2099 ) ;
#314 = ORIENTED_EDGE ( 'NONE', *, *, #859, .F. ) ;
#315 = EDGE_CURVE ( 'NONE', #2793, #2643, #2124, .T. ) ;
#316 = CARTESIAN_POINT ( 'NONE',  ( -2.066987300000001859, 7.650000001092474022, 0.8561741729129409562 ) ) ;
#317 = CARTESIAN_POINT ( 'NONE',  ( -1.035533905932733534, 8.699999999999999289, -2.500000000000002220 ) ) ;
#318 = CARTESIAN_POINT ( 'NONE',  ( 2.500000000000001776, 7.800000002184951597, -1.035533905932738419 ) ) ;
#319 = CARTESIAN_POINT ( 'NONE',  ( -2.066987300000001415, 10.05000000109247438, 0.8561741729129409562 ) ) ;
#320 = CARTESIAN_POINT ( 'NONE',  ( 1.035533905932733978, 10.00000000218494911, 2.500000000000002220 ) ) ;
#321 = PLANE ( 'NONE',  #1893 ) ;
#322 = CARTESIAN_POINT ( 'NONE',  ( -0.1590990257669835373, -6.399999999999999467, -2.760900974233027494 ) ) ;
#323 = COLOUR_RGB ( '',0.9686274509803921573, 0.8784313725490195957, 0.5999999999999999778 ) ;
#324 = ADVANCED_FACE ( 'NONE', ( #1444 ), #2401, .F. ) ;
#325 = ORIENTED_EDGE ( 'NONE', *, *, #2287, .T. ) ;
#326 = CARTESIAN_POINT ( 'NONE',  ( -1.035533905932733534, 8.699999999999999289, -2.500000000000002220 ) ) ;
#327 =( BOUNDED_CURVE ( )  B_SPLINE_CURVE ( 2, ( #649, #1589, #10, #2593, #1132, #2549, #1843, #2786, #1876 ),
 .UNSPECIFIED., .F., .T. ) 
 B_SPLINE_CURVE_WITH_KNOTS ( ( 3, 2, 2, 2, 3 ),
 ( 0.5500000000000001554, 0.5749999999999999556, 0.5999999999999999778, 0.6250000000000000000, 0.6499999999999999112 ),
 .UNSPECIFIED. ) 
 CURVE ( )  GEOMETRIC_REPRESENTATION_ITEM ( )  RATIONAL_B_SPLINE_CURVE ( ( 0.9999999999999996669, 0.9238795325112870716, 1.000000000000000000, 0.9238795325112867385, 1.000000000000000000, 0.9238795325112867385, 1.000000000000000000, 0.9238795325112870716, 0.9999999999999996669 ) ) 
 REPRESENTATION_ITEM ( '' )  );
#328 = ORIENTED_EDGE ( 'NONE', *, *, #1089, .F. ) ;
#329 = EDGE_CURVE ( 'NONE', #195, #794, #1454, .T. ) ;
#330 = CARTESIAN_POINT ( 'NONE',  ( -3.252606517456513302E-15, 7.800000001092475266, 2.066987300000000083 ) ) ;
#331 = EDGE_LOOP ( 'NONE', ( #2808, #451, #2295, #1000 ) ) ;
#332 = PLANE ( 'NONE',  #2457 ) ;
#333 = CARTESIAN_POINT ( 'NONE',  ( 2.066987299999999639, 8.000000001092473667, 3.252606517456513302E-15 ) ) ;
#334 = CARTESIAN_POINT ( 'NONE',  ( -1.035533905932733534, 10.40000000218494947, -2.500000000000002220 ) ) ;
#335 = CARTESIAN_POINT ( 'NONE',  ( -2.223850826831688554, -6.399999999999999467, -1.905652775297749457 ) ) ;
#336 = VECTOR ( 'NONE', #2840, 1000.000000000000000 ) ;
#337 = DIRECTION ( 'NONE',  ( 0.7071067811865484609, 0.000000000000000000, -0.7071067811865465735 ) ) ;
#338 = DIRECTION ( 'NONE',  ( 0.000000000000000000, 1.000000000000000000, 0.000000000000000000 ) ) ;
#339 = CIRCLE ( 'NONE', #824, 0.5600000000000003864 ) ;
#340 = CARTESIAN_POINT ( 'NONE',  ( 0.8561741729129421774, 8.050000001092476154, 2.066987300000001859 ) ) ;
#341 = VERTEX_POINT ( 'NONE', #71 ) ;
#342 = CARTESIAN_POINT ( 'NONE',  ( -0.8561741729129476175, 7.750000001092475443, 2.066987299999999195 ) ) ;
#343 = CARTESIAN_POINT ( 'NONE',  ( 1.035533905932733978, 8.300000000000000711, 2.500000000000002220 ) ) ;
#344 = DIRECTION ( 'NONE',  ( 0.000000000000000000, 1.000000000000000000, 0.000000000000000000 ) ) ;
#345 = ORIENTED_EDGE ( 'NONE', *, *, #1027, .T. ) ;
#346 = DIRECTION ( 'NONE',  ( 0.000000000000000000, 1.000000000000000000, 0.000000000000000000 ) ) ;
#347 = DIRECTION ( 'NONE',  ( -0.7071067811865487940, 0.000000000000000000, 0.7071067811865463515 ) ) ;
#348 = CARTESIAN_POINT ( 'NONE',  ( 0.000000000000000000, 7.650000000000001243, 0.000000000000000000 ) ) ;
#349 = EDGE_CURVE ( 'NONE', #1756, #2848, #1429, .T. ) ;
#350 = CYLINDRICAL_SURFACE ( 'NONE', #2888, 0.2250000000000000056 ) ;
#351 = DIRECTION ( 'NONE',  ( 0.7071067811865486830, 0.000000000000000000, -0.7071067811865464625 ) ) ;
#352 = COLOUR_RGB ( '',0.2000000000000000111, 0.000000000000000000, 0.1764705882352941013 ) ;
#353 = DIRECTION ( 'NONE',  ( 0.000000000000000000, -1.000000000000000000, 0.000000000000000000 ) ) ;
#354 = ORIENTED_EDGE ( 'NONE', *, *, #618, .F. ) ;
#355 = CARTESIAN_POINT ( 'NONE',  ( -2.066987300000001859, 7.850000001092475088, 0.8561741729129409562 ) ) ;
#356 = ORIENTED_EDGE ( 'NONE', *, *, #48, .T. ) ;
#357 = EDGE_CURVE ( 'NONE', #866, #2412, #2892, .T. ) ;
#358 = DIRECTION ( 'NONE',  ( -0.7071067811865486830, 0.000000000000000000, 0.7071067811865462405 ) ) ;
#359 =( GEOMETRIC_REPRESENTATION_CONTEXT ( 3 ) GLOBAL_UNCERTAINTY_ASSIGNED_CONTEXT ( ( #2371 ) ) GLOBAL_UNIT_ASSIGNED_CONTEXT ( ( #1217, #2880, #2197 ) ) REPRESENTATION_CONTEXT ( 'NONE', 'WORKASPACE' ) );
#360 = DIRECTION ( 'NONE',  ( 0.000000000000000000, -1.000000000000000000, -0.000000000000000000 ) ) ;
#361 = EDGE_LOOP ( 'NONE', ( #1477, #638 ) ) ;
#362 = CARTESIAN_POINT ( 'NONE',  ( 0.1590990257669629149, 0.1000000000000000056, -3.079099025766972364 ) ) ;
#363 = CARTESIAN_POINT ( 'NONE',  ( 0.000000000000000000, 0.1000000000000000056, 0.000000000000000000 ) ) ;
#364 = DIRECTION ( 'NONE',  ( 0.000000000000000000, 1.000000000000000000, 0.000000000000000000 ) ) ;
#365 = AXIS2_PLACEMENT_3D ( 'NONE', #2870, #1021, #1460 ) ;
#366 = VERTEX_POINT ( 'NONE', #2388 ) ;
#367 = EDGE_CURVE ( 'NONE', #671, #225, #1652, .T. ) ;
#368 = CARTESIAN_POINT ( 'NONE',  ( -1.909647267044297658, 7.650000000000063416, 0.7910017786525727068 ) ) ;
#369 = ORIENTED_EDGE ( 'NONE', *, *, #3013, .F. ) ;
#370 = CARTESIAN_POINT ( 'NONE',  ( -0.1590990257669836205, 0.000000000000000000, -2.760900974233027494 ) ) ;
#371 = AXIS2_PLACEMENT_3D ( 'NONE', #2939, #1489, #2434 ) ;
#372 = CARTESIAN_POINT ( 'NONE',  ( -2.223850826831688554, 0.1000000000000000056, -1.905652775297749457 ) ) ;
#373 = CARTESIAN_POINT ( 'NONE',  ( -1.558065746048657108, 7.650000000000107825, -1.364916718493837111 ) ) ;
#374 = CARTESIAN_POINT ( 'NONE',  ( -1.035533905932730869, 8.200000000000001066, 2.499999999999999112 ) ) ;
#375 = DIRECTION ( 'NONE',  ( -0.7071067811865482389, 0.000000000000000000, 0.7071067811865467956 ) ) ;
#376 = SURFACE_SIDE_STYLE ('',( #822 ) ) ;
#377 = CARTESIAN_POINT ( 'NONE',  ( 1.035533905932751741, 10.19999999999999929, -2.499999999999998668 ) ) ;
#378 = ORIENTED_EDGE ( 'NONE', *, *, #2521, .F. ) ;
#379 = CARTESIAN_POINT ( 'NONE',  ( 0.000000000000000000, 7.650000000000001243, 0.000000000000000000 ) ) ;
#380 = ORIENTED_EDGE ( 'NONE', *, *, #1057, .F. ) ;
#381 = DIRECTION ( 'NONE',  ( 0.000000000000000000, 1.000000000000000000, 0.000000000000000000 ) ) ;
#382 = CARTESIAN_POINT ( 'NONE',  ( 1.767766952966371985, 7.750000000000000888, -1.767766952966365990 ) ) ;
#383 = CARTESIAN_POINT ( 'NONE',  ( -1.827866982996383616, 0.5000000000000000000, -5.066142743001985416 ) ) ;
#384 = VERTEX_POINT ( 'NONE', #2592 ) ;
#385 = PRESENTATION_STYLE_ASSIGNMENT (( #590 ) ) ;
#386 = CARTESIAN_POINT ( 'NONE',  ( -2.500000000000000444, 10.45000000000000107, -3.686287386450715076E-15 ) ) ;
#387 = ORIENTED_EDGE ( 'NONE', *, *, #1938, .T. ) ;
#388 = CARTESIAN_POINT ( 'NONE',  ( 2.064751801064715231, 0.000000000000000000, 2.064751801064722336 ) ) ;
#389 = CARTESIAN_POINT ( 'NONE',  ( 0.8561741729129421774, 8.050000001092476154, 2.066987300000001859 ) ) ;
#390 = EDGE_CURVE ( 'NONE', #2316, #384, #2118, .T. ) ;
#391 = ORIENTED_EDGE ( 'NONE', *, *, #2190, .T. ) ;
#392 = DIRECTION ( 'NONE',  ( -0.7071067811865486830, 0.000000000000000000, 0.7071067811865462405 ) ) ;
#393 = VECTOR ( 'NONE', #862, 1000.000000000000000 ) ;
#394 = FACE_OUTER_BOUND ( 'NONE', #2442, .T. ) ;
#395 = CARTESIAN_POINT ( 'NONE',  ( 3.436538956566628222, 10.07000000000000028, -3.436538956566615344 ) ) ;
#396 = CARTESIAN_POINT ( 'NONE',  ( -3.903127820947815962E-15, 9.849999999999999645, 2.500000000000000444 ) ) ;
#397 = STYLED_ITEM ( 'NONE', ( #1373 ), #857 ) ;
#398 = DIRECTION ( 'NONE',  ( -0.7071067811865487940, 0.000000000000000000, 0.7071067811865463515 ) ) ;
#399 = CIRCLE ( 'NONE', #903, 0.3499999999999998668 ) ;
#400 = ADVANCED_FACE ( 'NONE', ( #1397 ), #2950, .F. ) ;
#401 = CARTESIAN_POINT ( 'NONE',  ( 2.064751801064715231, 0.000000000000000000, 2.064751801064722336 ) ) ;
#402 = EDGE_LOOP ( 'NONE', ( #780, #13 ) ) ;
#403 = VERTEX_POINT ( 'NONE', #2354 ) ;
#404 = CARTESIAN_POINT ( 'NONE',  ( 0.000000000000000000, 10.79000000000000092, 0.000000000000000000 ) ) ;
#405 = AXIS2_PLACEMENT_3D ( 'NONE', #2470, #2238, #1682 ) ;
#406 = ADVANCED_FACE ( 'NONE', ( #1207 ), #706, .F. ) ;
#407 = ORIENTED_EDGE ( 'NONE', *, *, #410, .F. ) ;
#408 = CARTESIAN_POINT ( 'NONE',  ( 2.500000000000002220, 7.800000002184950709, -1.035533905932733534 ) ) ;
#409 = CARTESIAN_POINT ( 'NONE',  ( -2.064751801064715231, 0.1000000000000000056, -2.064751801064722336 ) ) ;
#410 = EDGE_CURVE ( 'NONE', #2616, #2226, #2000, .T. ) ;
#411 = PRESENTATION_STYLE_ASSIGNMENT (( #2541 ) ) ;
#412 = CARTESIAN_POINT ( 'NONE',  ( -2.460731598529182218, 0.1000000000000000056, -1.668772003600256681 ) ) ;
#413 = CARTESIAN_POINT ( 'NONE',  ( 3.469446951953614189E-15, 10.80000000109247615, -2.066987300000000083 ) ) ;
#414 = EDGE_CURVE ( 'NONE', #1532, #167, #2859, .T. ) ;
#415 = CARTESIAN_POINT ( 'NONE',  ( 2.500000000000002220, 10.09999999999999964, -1.035533905932733534 ) ) ;
#416 = CARTESIAN_POINT ( 'NONE',  ( 1.767766952966372207, 7.650000000000001243, -1.767766952966365546 ) ) ;
#417 = CARTESIAN_POINT ( 'NONE',  ( 3.288046532517452825, 9.350000000000001421, -3.288046532517440390 ) ) ;
#418 = ORIENTED_EDGE ( 'NONE', *, *, #2365, .T. ) ;
#419 = EDGE_LOOP ( 'NONE', ( #2276, #2162, #2775, #77 ) ) ;
#420 = CYLINDRICAL_SURFACE ( 'NONE', #842, 4.570000000000001172 ) ;
#421 =( LENGTH_UNIT ( ) NAMED_UNIT ( * ) SI_UNIT ( .MILLI., .METRE. ) );
#422 = AXIS2_PLACEMENT_3D ( 'NONE', #1161, #233, #2589 ) ;
#423 = ADVANCED_FACE ( 'NONE', ( #1920 ), #523, .F. ) ;
#424 = VERTEX_POINT ( 'NONE', #236 ) ;
#425 = CARTESIAN_POINT ( 'NONE',  ( 1.767766952966366212, 7.650000002184949466, 1.767766952966371763 ) ) ;
#426 = DIRECTION ( 'NONE',  ( 0.7071067811865487940, 0.000000000000000000, -0.7071067811865463515 ) ) ;
#427 = CIRCLE ( 'NONE', #2951, 0.5600000000000002753 ) ;
#428 = AXIS2_PLACEMENT_3D ( 'NONE', #1084, #2964, #1553 ) ;
#429 = CARTESIAN_POINT ( 'NONE',  ( 0.8561741729129487277, 7.350000001092474200, -2.066987299999998751 ) ) ;
#430 = CARTESIAN_POINT ( 'NONE',  ( 3.469446951953614189E-15, 9.200000001092474733, -2.066987300000000083 ) ) ;
#431 = EDGE_CURVE ( 'NONE', #2954, #1923, #1602, .T. ) ;
#432 = CARTESIAN_POINT ( 'NONE',  ( -2.064751801064715231, 0.000000000000000000, -2.064751801064722336 ) ) ;
#433 = ADVANCED_FACE ( 'NONE', ( #1905 ), #2108, .F. ) ;
#434 = ORIENTED_EDGE ( 'NONE', *, *, #1955, .F. ) ;
#435 = DIRECTION ( 'NONE',  ( 0.000000000000000000, -1.000000000000000000, -0.000000000000000000 ) ) ;
#436 = DIRECTION ( 'NONE',  ( 0.7071067811865486830, 0.000000000000000000, -0.7071067811865464625 ) ) ;
#437 = CARTESIAN_POINT ( 'NONE',  ( 0.000000000000000000, -8.262823377231841349, 0.000000000000000000 ) ) ;
#438 = ORIENTED_EDGE ( 'NONE', *, *, #3038, .F. ) ;
#439 = CARTESIAN_POINT ( 'NONE',  ( -0.8561741729129476175, 9.350000001092473312, 2.066987299999999195 ) ) ;
#440 = CARTESIAN_POINT ( 'NONE',  ( 0.8561741729129487277, 10.55000000109247438, -2.066987299999998751 ) ) ;
#441 = CARTESIAN_POINT ( 'NONE',  ( -1.631882538264927796, 0.5000000000000000000, -4.984963327980056924 ) ) ;
#442 = EDGE_CURVE ( 'NONE', #1345, #577, #511, .T. ) ;
#443 = DIRECTION ( 'NONE',  ( 0.000000000000000000, -1.000000000000000000, 0.000000000000000000 ) ) ;
#444 = COLOUR_RGB ( '',0.2509803921568627416, 0.2509803921568627416, 0.2509803921568627416 ) ;
#445 = CARTESIAN_POINT ( 'NONE',  ( 0.000000000000000000, 6.650000000000001243, 0.000000000000000000 ) ) ;
#446 =( GEOMETRIC_REPRESENTATION_CONTEXT ( 3 ) GLOBAL_UNCERTAINTY_ASSIGNED_CONTEXT ( ( #12 ) ) GLOBAL_UNIT_ASSIGNED_CONTEXT ( ( #1754, #2491, #579 ) ) REPRESENTATION_CONTEXT ( 'NONE', 'WORKASPACE' ) );
#447 = CARTESIAN_POINT ( 'NONE',  ( 1.040834085586084257E-14, 0.000000000000000000, 2.919999999999999929 ) ) ;
#448 = PLANE ( 'NONE',  #2639 ) ;
#449 = EDGE_CURVE ( 'NONE', #794, #195, #2936, .T. ) ;
#450 = VERTEX_POINT ( 'NONE', #335 ) ;
#451 = ORIENTED_EDGE ( 'NONE', *, *, #106, .F. ) ;
#452 = CYLINDRICAL_SURFACE ( 'NONE', #1926, 4.650000000000002132 ) ;
#453 = VERTEX_POINT ( 'NONE', #1279 ) ;
#454 = CARTESIAN_POINT ( 'NONE',  ( -2.500000000000002220, 7.400000002184949466, 1.035533905932732868 ) ) ;
#455 = ADVANCED_FACE ( 'NONE', ( #1052 ), #1060, .F. ) ;
#456 = DIRECTION ( 'NONE',  ( 0.000000000000000000, -1.000000000000000000, 0.000000000000000000 ) ) ;
#457 = DIRECTION ( 'NONE',  ( 0.000000000000000000, 1.000000000000000000, 0.000000000000000000 ) ) ;
#458 = DIRECTION ( 'NONE',  ( 0.7071067811865490160, 0.000000000000000000, -0.7071067811865461294 ) ) ;
#459 = CARTESIAN_POINT ( 'NONE',  ( 2.500000000000000444, 10.84999999999999964, 4.119968255444916849E-15 ) ) ;
#460 =( LENGTH_UNIT ( ) NAMED_UNIT ( * ) SI_UNIT ( .MILLI., .METRE. ) );
#461 = VERTEX_POINT ( 'NONE', #1746 ) ;
#462 = CARTESIAN_POINT ( 'NONE',  ( -1.461580736456470131, 8.500000001092473667, -1.461580736456475016 ) ) ;
#463 = DIRECTION ( 'NONE',  ( 0.7071067811865491270, 0.000000000000000000, -0.7071067811865461294 ) ) ;
#464 = ORIENTED_EDGE ( 'NONE', *, *, #2630, .T. ) ;
#465 = CARTESIAN_POINT ( 'NONE',  ( 0.8561741729129421774, 10.25000000109247544, 2.066987300000001859 ) ) ;
#466 = CARTESIAN_POINT ( 'NONE',  ( -1.461580736456474794, 8.500000001092473667, 1.461580736456470353 ) ) ;
#467 = AXIS2_PLACEMENT_3D ( 'NONE', #613, #2940, #1556 ) ;
#468 = CARTESIAN_POINT ( 'NONE',  ( -1.767766952966371763, 9.050000002184949821, 1.767766952966366212 ) ) ;
#469 = ORIENTED_EDGE ( 'NONE', *, *, #209, .F. ) ;
#470 = CIRCLE ( 'NONE', #692, 4.650000000000001243 ) ;
#471 = DIRECTION ( 'NONE',  ( 0.000000000000000000, -1.000000000000000000, -0.000000000000000000 ) ) ;
#472 = DIRECTION ( 'NONE',  ( 0.000000000000000000, 1.000000000000000000, 0.000000000000000000 ) ) ;
#473 = VECTOR ( 'NONE', #2986, 1000.000000000000000 ) ;
#474 = ADVANCED_FACE ( 'NONE', ( #535 ), #2902, .F. ) ;
#475 = CARTESIAN_POINT ( 'NONE',  ( 0.000000000000000000, 7.650000000000001243, 0.000000000000000000 ) ) ;
#476 = FILL_AREA_STYLE_COLOUR ( '', #1048 ) ;
#477 = EDGE_LOOP ( 'NONE', ( #1479, #2822, #2471, #1247, #469, #1543, #240, #328, #1268, #997, #1686, #1013, #742 ) ) ;
#478 = CARTESIAN_POINT ( 'NONE',  ( -0.8561741729129415113, 9.250000001092475443, -2.066987300000001415 ) ) ;
#479 = VECTOR ( 'NONE', #2769, 1000.000000000000000 ) ;
#480 = FILL_AREA_STYLE ('',( #2615 ) ) ;
#481 = ORIENTED_EDGE ( 'NONE', *, *, #3030, .T. ) ;
#482 = CARTESIAN_POINT ( 'NONE',  ( -2.066987299999999639, 8.600000001092475088, -3.252606517456513302E-15 ) ) ;
#483 = CARTESIAN_POINT ( 'NONE',  ( 2.066987299999998751, 9.550000001092474378, 0.8561741729129487277 ) ) ;
#484 = CIRCLE ( 'NONE', #1674, 0.3867949192431124339 ) ;
#485 = CARTESIAN_POINT ( 'NONE',  ( -1.040834085586084257E-14, 0.1000000000000000056, -2.919999999999999929 ) ) ;
#486 = CARTESIAN_POINT ( 'NONE',  ( -0.8561741729129415113, 9.850000001092475088, -2.066987300000001415 ) ) ;
#487 =( NAMED_UNIT ( * ) PLANE_ANGLE_UNIT ( ) SI_UNIT ( $, .RADIAN. ) );
#488 = AXIS2_PLACEMENT_3D ( 'NONE', #2337, #2826, #679 ) ;
#489 = DIRECTION ( 'NONE',  ( 0.3826834323650946668, 0.000000000000000000, 0.9238795325112847401 ) ) ;
#490 = CIRCLE ( 'NONE', #2631, 4.150000000000001243 ) ;
#491 = ORIENTED_EDGE ( 'NONE', *, *, #1057, .T. ) ;
#492 = CARTESIAN_POINT ( 'NONE',  ( 1.461580736456475016, 8.300000001092474378, -1.461580736456470131 ) ) ;
#493 = EDGE_CURVE ( 'NONE', #1063, #1988, #1849, .T. ) ;
#494 = EDGE_LOOP ( 'NONE', ( #214, #1936, #1569, #1140 ) ) ;
#495 = VECTOR ( 'NONE', #1671, 1000.000000000000227 ) ;
#496 = CARTESIAN_POINT ( 'NONE',  ( -2.066987300000001859, 9.450000001092474733, 0.8561741729129409562 ) ) ;
#497 = AXIS2_PLACEMENT_3D ( 'NONE', #593, #882, #1783 ) ;
#498 = EDGE_CURVE ( 'NONE', #174, #1358, #2886, .T. ) ;
#499 = DIRECTION ( 'NONE',  ( 0.000000000000000000, -1.000000000000000000, 0.000000000000000000 ) ) ;
#500 = ORIENTED_EDGE ( 'NONE', *, *, #291, .T. ) ;
#501 = EDGE_CURVE ( 'NONE', #1532, #570, #759, .T. ) ;
#502 = CARTESIAN_POINT ( 'NONE',  ( 0.2735053103252980677, 0.000000000000000000, -3.193505310325307267 ) ) ;
#503 = CARTESIAN_POINT ( 'NONE',  ( 2.066987300000001415, 8.850000001092473312, -0.8561741729129417333 ) ) ;
#504 = DIRECTION ( 'NONE',  ( -0.7071067811865486830, 0.000000000000000000, 0.7071067811865462405 ) ) ;
#505 = CARTESIAN_POINT ( 'NONE',  ( 2.066987299999998751, 10.55000000109247615, 0.8561741729129487277 ) ) ;
#506 = ADVANCED_FACE ( 'NONE', ( #1716 ), #1293, .T. ) ;
#507 = CARTESIAN_POINT ( 'NONE',  ( 1.623209034860967570, 7.650000000000001243, 1.890011928979252520 ) ) ;
#508 =( BOUNDED_CURVE ( )  B_SPLINE_CURVE ( 2, ( #1778, #1114, #851, #2983, #1542, #629, #2233, #838, #819 ),
 .UNSPECIFIED., .F., .F. ) 
 B_SPLINE_CURVE_WITH_KNOTS ( ( 3, 2, 2, 2, 3 ),
 ( 0.3500000000000000888, 0.3750000000000000555, 0.4000000000000000222, 0.4249999999999998779, 0.4499999999999998446 ),
 .UNSPECIFIED. ) 
 CURVE ( )  GEOMETRIC_REPRESENTATION_ITEM ( )  RATIONAL_B_SPLINE_CURVE ( ( 0.9999999999999996669, 0.9238795325112870716, 1.000000000000000000, 0.9238795325112867385, 1.000000000000000000, 0.9238795325112867385, 1.000000000000000000, 0.9238795325112872936, 0.9999999999999994449 ) ) 
 REPRESENTATION_ITEM ( '' )  );
#509 = ORIENTED_EDGE ( 'NONE', *, *, #1141, .F. ) ;
#510 = CARTESIAN_POINT ( 'NONE',  ( -2.066987300000001415, 7.850000001092474200, 0.8561741729129409562 ) ) ;
#511 = CIRCLE ( 'NONE', #371, 0.2249999999999995060 ) ;
#512 = ORIENTED_EDGE ( 'NONE', *, *, #2270, .T. ) ;
#513 = CARTESIAN_POINT ( 'NONE',  ( 2.066987299999998751, 9.750000001092473667, 0.8561741729129487277 ) ) ;
#514 = EDGE_CURVE ( 'NONE', #577, #670, #2729, .T. ) ;
#515 = PLANE ( 'NONE',  #2819 ) ;
#516 = ORIENTED_EDGE ( 'NONE', *, *, #1260, .F. ) ;
#517 = CARTESIAN_POINT ( 'NONE',  ( 1.035533905932733978, 9.100000000000001421, 2.500000000000002220 ) ) ;
#518 = CARTESIAN_POINT ( 'NONE',  ( 0.8561741729129421774, 10.25000000109247544, 2.066987300000001415 ) ) ;
#519 = CARTESIAN_POINT ( 'NONE',  ( 1.035533905932741972, 10.30000000218494982, -2.499999999999998668 ) ) ;
#520 = CARTESIAN_POINT ( 'NONE',  ( -0.2735053103252978457, 0.000000000000000000, 3.193505310325307267 ) ) ;
#521 = CARTESIAN_POINT ( 'NONE',  ( 1.767766952966371985, 8.650000002184949466, -1.767766952966365990 ) ) ;
#522 = PRODUCT_DEFINITION_SHAPE ( 'NONE', 'NONE',  #2266 ) ;
#523 = CYLINDRICAL_SURFACE ( 'NONE', #2800, 2.500000000000000444 ) ;
#524 = CARTESIAN_POINT ( 'NONE',  ( -1.035533905932733534, 9.500000000000003553, -2.500000000000002220 ) ) ;
#525 = CIRCLE ( 'NONE', #1075, 4.650000000000001243 ) ;
#526 = ADVANCED_FACE ( 'NONE', ( #789 ), #2011, .T. ) ;
#527 = CARTESIAN_POINT ( 'NONE',  ( 2.066987299999998751, 8.950000001092474733, 0.8561741729129486167 ) ) ;
#528 = ORIENTED_EDGE ( 'NONE', *, *, #3030, .F. ) ;
#529 = CARTESIAN_POINT ( 'NONE',  ( 2.066987299999998751, 8.950000001092474733, 0.8561741729129487277 ) ) ;
#530 = DIRECTION ( 'NONE',  ( 0.7071067811865487940, 0.000000000000000000, -0.7071067811865462405 ) ) ;
#531 = CARTESIAN_POINT ( 'NONE',  ( 1.767766952966371985, 7.750000000000000888, -1.767766952966365990 ) ) ;
#532 = EDGE_CURVE ( 'NONE', #1737, #450, #2497, .T. ) ;
#533 = CARTESIAN_POINT ( 'NONE',  ( 0.8561741729129486167, 10.55000000109247438, -2.066987299999998751 ) ) ;
#534 = CARTESIAN_POINT ( 'NONE',  ( 4.336808689942017736E-15, 10.35000000218495053, -2.500000000000000444 ) ) ;
#535 = FACE_OUTER_BOUND ( 'NONE', #494, .T. ) ;
#536 = CARTESIAN_POINT ( 'NONE',  ( 1.767766952966366212, 9.150000000000000355, 1.767766952966371763 ) ) ;
#537 = CARTESIAN_POINT ( 'NONE',  ( 1.467456522975645106, 7.650000000000003908, 1.992898914349302331 ) ) ;
#538 = ADVANCED_FACE ( 'NONE', ( #309 ), #1239, .F. ) ;
#539 = CARTESIAN_POINT ( 'NONE',  ( 2.499999999999998668, 8.500000002184949111, 1.035533905932741972 ) ) ;
#540 = COLOUR_RGB ( '',0.9686274509803921573, 0.8784313725490195957, 0.5999999999999999778 ) ;
#541 = EDGE_CURVE ( 'NONE', #3022, #1417, #1996, .T. ) ;
#542 = ORIENTED_EDGE ( 'NONE', *, *, #1210, .F. ) ;
#543 = VERTEX_POINT ( 'NONE', #3026 ) ;
#544 = CARTESIAN_POINT ( 'NONE',  ( -2.066987299999999195, 9.350000001092473312, -0.8561741729129475065 ) ) ;
#545 = CARTESIAN_POINT ( 'NONE',  ( 1.767766952966371985, 8.550000000000000711, -1.767766952966365990 ) ) ;
#546 = CYLINDRICAL_SURFACE ( 'NONE', #1582, 0.1499999999999992728 ) ;
#547 = CARTESIAN_POINT ( 'NONE',  ( -2.370986164273955143, 0.1000000000000000056, -4.678816582087982567 ) ) ;
#548 = CIRCLE ( 'NONE', #800, 0.1499999999999992728 ) ;
#549 = ORIENTED_EDGE ( 'NONE', *, *, #2389, .T. ) ;
#550 = DIRECTION ( 'NONE',  ( 0.7071067811865487940, 0.000000000000000000, -0.7071067811865463515 ) ) ;
#551 = CARTESIAN_POINT ( 'NONE',  ( 1.461580736456475016, 8.100000001092475088, -1.461580736456470131 ) ) ;
#552 = CARTESIAN_POINT ( 'NONE',  ( 4.336808689942017736E-15, 7.950000002184949288, -2.500000000000000444 ) ) ;
#553 = DIRECTION ( 'NONE',  ( -0.6123724356957951365, 0.5000000000000012212, 0.6123724356957929160 ) ) ;
#554 = DIRECTION ( 'NONE',  ( 0.000000000000000000, 1.000000000000000000, 0.000000000000000000 ) ) ;
#555 = DIRECTION ( 'NONE',  ( 0.7071067811865482389, 0.000000000000000000, -0.7071067811865467956 ) ) ;
#556 = CARTESIAN_POINT ( 'NONE',  ( -0.1590990257669627483, 0.1000000000000000056, 3.079099025766972808 ) ) ;
#557 = LINE ( 'NONE', #2959, #1614 ) ;
#558 = ORIENTED_EDGE ( 'NONE', *, *, #1874, .T. ) ;
#559 = ORIENTED_EDGE ( 'NONE', *, *, #2101, .T. ) ;
#560 = CARTESIAN_POINT ( 'NONE',  ( 2.066987300000001859, 9.850000001092473312, -0.8561741729129417333 ) ) ;
#561 = CARTESIAN_POINT ( 'NONE',  ( 1.767766952966366212, 8.349999999999999645, 1.767766952966371763 ) ) ;
#562 = CARTESIAN_POINT ( 'NONE',  ( 1.378858223313770281, 6.650000000000001243, -1.378858223313764952 ) ) ;
#563 = PLANE ( 'NONE',  #2946 ) ;
#564 = EDGE_LOOP ( 'NONE', ( #2065, #736, #2751, #1549 ) ) ;
#565 = FACE_OUTER_BOUND ( 'NONE', #1672, .T. ) ;
#566 = CARTESIAN_POINT ( 'NONE',  ( 0.000000000000000000, 0.7500000000000000000, 0.000000000000000000 ) ) ;
#567 = CARTESIAN_POINT ( 'NONE',  ( 1.035533905932741972, 8.700000002184950176, -2.499999999999998668 ) ) ;
#568 = AXIS2_PLACEMENT_3D ( 'NONE', #4, #2813, #458 ) ;
#569 = ADVANCED_FACE ( 'NONE', ( #2598 ), #452, .T. ) ;
#570 = VERTEX_POINT ( 'NONE', #909 ) ;
#571 = CARTESIAN_POINT ( 'NONE',  ( -1.631882538264927796, 0.1000000000000000056, -4.984963327980056924 ) ) ;
#572 = DIRECTION ( 'NONE',  ( -0.7071067811865487940, 0.000000000000000000, 0.7071067811865463515 ) ) ;
#573 = VECTOR ( 'NONE', #2235, 1000.000000000000000 ) ;
#574 = CARTESIAN_POINT ( 'NONE',  ( 2.066987300000001859, 9.850000001092473312, -0.8561741729129417333 ) ) ;
#575 = AXIS2_PLACEMENT_3D ( 'NONE', #2431, #1177, #2868 ) ;
#576 = CARTESIAN_POINT ( 'NONE',  ( 1.461580736456475016, 8.300000001092474378, -1.461580736456470131 ) ) ;
#577 = VERTEX_POINT ( 'NONE', #2570 ) ;
#578 = DIRECTION ( 'NONE',  ( 0.000000000000000000, 1.000000000000000000, 0.000000000000000000 ) ) ;
#579 =( NAMED_UNIT ( * ) SI_UNIT ( $, .STERADIAN. ) SOLID_ANGLE_UNIT ( ) );
#580 = DIRECTION ( 'NONE',  ( 0.000000000000000000, 1.000000000000000000, 0.000000000000000000 ) ) ;
#581 = ORIENTED_EDGE ( 'NONE', *, *, #1307, .F. ) ;
#582 = CYLINDRICAL_SURFACE ( 'NONE', #2852, 0.2250000000000000056 ) ;
#583 = CIRCLE ( 'NONE', #1264, 3.000000000000003109 ) ;
#584 = FACE_OUTER_BOUND ( 'NONE', #623, .T. ) ;
#585 = DIRECTION ( 'NONE',  ( 0.000000000000000000, -1.000000000000000000, 0.000000000000000000 ) ) ;
#586 = CARTESIAN_POINT ( 'NONE',  ( 1.767766952966366212, 8.349999999999999645, 1.767766952966371763 ) ) ;
#587 = EDGE_LOOP ( 'NONE', ( #1029, #1450, #2112, #1151 ) ) ;
#588 = LINE ( 'NONE', #2906, #573 ) ;
#589 = EDGE_CURVE ( 'NONE', #384, #2255, #2347, .T. ) ;
#590 = SURFACE_STYLE_USAGE ( .BOTH. , #376 ) ;
#591 = AXIS2_PLACEMENT_3D ( 'NONE', #2359, #253, #2130 ) ;
#592 = CARTESIAN_POINT ( 'NONE',  ( -2.066987300000001859, 9.450000001092474733, 0.8561741729129409562 ) ) ;
#593 = CARTESIAN_POINT ( 'NONE',  ( 2.064751801064715231, 0.000000000000000000, 2.064751801064722336 ) ) ;
#594 = VERTEX_POINT ( 'NONE', #1867 ) ;
#595 = CARTESIAN_POINT ( 'NONE',  ( -1.461580736456470131, 7.700000001092476509, -1.461580736456475016 ) ) ;
#596 = CARTESIAN_POINT ( 'NONE',  ( -2.500000000000002220, 8.099999999999999645, 1.035533905932732868 ) ) ;
#597 = AXIS2_PLACEMENT_3D ( 'NONE', #1499, #799, #141 ) ;
#598 = SHAPE_DEFINITION_REPRESENTATION ( #522, #2656 ) ;
#599 = ORIENTED_EDGE ( 'NONE', *, *, #2960, .F. ) ;
#600 = CARTESIAN_POINT ( 'NONE',  ( 1.767766952966372207, 11.15000000000000213, -1.767766952966365546 ) ) ;
#601 = LINE ( 'NONE', #2494, #1727 ) ;
#602 = DIRECTION ( 'NONE',  ( 0.000000000000000000, 1.000000000000000000, 0.000000000000000000 ) ) ;
#603 = CARTESIAN_POINT ( 'NONE',  ( -2.064751801064715231, -6.399999999999999467, -2.064751801064722336 ) ) ;
#604 = FACE_OUTER_BOUND ( 'NONE', #2896, .T. ) ;
#605 = DIRECTION ( 'NONE',  ( 0.4999999999999995559, -0.7071067811865492381, -0.4999999999999978351 ) ) ;
#606 = AXIS2_PLACEMENT_3D ( 'NONE', #878, #1128, #2307 ) ;
#607 = ORIENTED_EDGE ( 'NONE', *, *, #2195, .T. ) ;
#608 = CARTESIAN_POINT ( 'NONE',  ( 2.066987299999999639, 8.200000001092476509, 3.252606517456513302E-15 ) ) ;
#609 = VERTEX_POINT ( 'NONE', #1646 ) ;
#610 = CARTESIAN_POINT ( 'NONE',  ( 1.040834085586084257E-14, 0.1000000000000000056, 2.919999999999999929 ) ) ;
#611 = CARTESIAN_POINT ( 'NONE',  ( -2.066987299999999639, 10.20000000109247651, -3.252606517456513302E-15 ) ) ;
#612 = CARTESIAN_POINT ( 'NONE',  ( -1.909647267044297658, 7.650000000000063416, 0.7910017786525727068 ) ) ;
#613 = CARTESIAN_POINT ( 'NONE',  ( 0.000000000000000000, 0.5000000000000000000, 0.000000000000000000 ) ) ;
#614 = LINE ( 'NONE', #2277, #2510 ) ;
#615 = FILL_AREA_STYLE_COLOUR ( '', #2511 ) ;
#616 = VECTOR ( 'NONE', #2055, 1000.000000000000000 ) ;
#617 = CARTESIAN_POINT ( 'NONE',  ( 1.040834085586084257E-14, 0.1000000000000000056, 2.919999999999999929 ) ) ;
#618 = EDGE_CURVE ( 'NONE', #174, #1879, #484, .T. ) ;
#619 = ORIENTED_EDGE ( 'NONE', *, *, #431, .T. ) ;
#620 = ORIENTED_EDGE ( 'NONE', *, *, #661, .F. ) ;
#621 = FACE_OUTER_BOUND ( 'NONE', #1348, .T. ) ;
#622 =( GEOMETRIC_REPRESENTATION_CONTEXT ( 3 ) GLOBAL_UNCERTAINTY_ASSIGNED_CONTEXT ( ( #2625 ) ) GLOBAL_UNIT_ASSIGNED_CONTEXT ( ( #1033, #487, #1560 ) ) REPRESENTATION_CONTEXT ( 'NONE', 'WORKASPACE' ) );
#623 = EDGE_LOOP ( 'NONE', ( #951, #2429 ) ) ;
#624 = DIRECTION ( 'NONE',  ( 0.000000000000000000, 1.000000000000000000, 0.000000000000000000 ) ) ;
#625 = DIRECTION ( 'NONE',  ( 0.7071067811865484609, 0.000000000000000000, -0.7071067811865465735 ) ) ;
#626 =( BOUNDED_CURVE ( )  B_SPLINE_CURVE ( 2, ( #1989, #95, #2935, #2694, #1502, #2710, #1047, #305, #531 ),
 .UNSPECIFIED., .F., .F. ) 
 B_SPLINE_CURVE_WITH_KNOTS ( ( 3, 2, 2, 2, 3 ),
 ( 0.7499999999999997780, 0.7749999999999998002, 0.7999999999999998224, 0.8249999999999998446, 0.8499999999999998668 ),
 .UNSPECIFIED. ) 
 CURVE ( )  GEOMETRIC_REPRESENTATION_ITEM ( )  RATIONAL_B_SPLINE_CURVE ( ( 1.000000000000000666, 0.9238795325112860723, 1.000000000000000000, 0.9238795325112867385, 1.000000000000000000, 0.9238795325112867385, 1.000000000000000000, 0.9238795325112870716, 0.9999999999999996669 ) ) 
 REPRESENTATION_ITEM ( '' )  );
#627 = EDGE_CURVE ( 'NONE', #1598, #2643, #2071, .T. ) ;
#628 = CARTESIAN_POINT ( 'NONE',  ( 0.1590990257669836483, 0.000000000000000000, 2.760900974233027494 ) ) ;
#629 = CARTESIAN_POINT ( 'NONE',  ( -1.035533905932733534, 9.500000000000000000, -2.500000000000002220 ) ) ;
#630 = CARTESIAN_POINT ( 'NONE',  ( 1.767766952966366212, 9.950000000000001066, 1.767766952966371763 ) ) ;
#631 = CARTESIAN_POINT ( 'NONE',  ( -3.288046532517452381, 10.79000000000000092, 3.288046532517440834 ) ) ;
#632 =( NAMED_UNIT ( * ) SI_UNIT ( $, .STERADIAN. ) SOLID_ANGLE_UNIT ( ) );
#633 = EDGE_CURVE ( 'NONE', #1910, #923, #1198, .T. ) ;
#634 = ORIENTED_EDGE ( 'NONE', *, *, #155, .T. ) ;
#635 = AXIS2_PLACEMENT_3D ( 'NONE', #1895, #710, #657 ) ;
#636 = DIRECTION ( 'NONE',  ( -0.7071067811865487940, 0.000000000000000000, 0.7071067811865463515 ) ) ;
#637 = DIRECTION ( 'NONE',  ( 0.000000000000000000, 1.000000000000000000, 0.000000000000000000 ) ) ;
#638 = ORIENTED_EDGE ( 'NONE', *, *, #1369, .T. ) ;
#639 = ADVANCED_FACE ( 'NONE', ( #3043 ), #2477, .F. ) ;
#640 = LINE ( 'NONE', #1109, #1763 ) ;
#641 = PRESENTATION_LAYER_ASSIGNMENT (  '', '', ( #1091 ) ) ;
#642 = CARTESIAN_POINT ( 'NONE',  ( -2.066987300000001859, 10.25000000109247544, 0.8561741729129409562 ) ) ;
#643 = SURFACE_STYLE_FILL_AREA ( #2771 ) ;
#644 = DIRECTION ( 'NONE',  ( 0.000000000000000000, -1.000000000000000000, 0.000000000000000000 ) ) ;
#645 = CARTESIAN_POINT ( 'NONE',  ( 0.8561741729129487277, 10.75000000109247544, -2.066987299999998751 ) ) ;
#646 = CLOSED_SHELL ( 'NONE', ( #1298, #2404, #832, #820, #406, #2061 ) ) ;
#647 = CARTESIAN_POINT ( 'NONE',  ( -1.614673844711418171, 11.02500000054623719, -1.614673844711423722 ) ) ;
#648 = CARTESIAN_POINT ( 'NONE',  ( -0.8561741729129415113, 9.250000001092473667, -2.066987300000001859 ) ) ;
#649 = CARTESIAN_POINT ( 'NONE',  ( -1.767766952966371763, 8.250000002184949111, 1.767766952966366212 ) ) ;
#650 = ADVANCED_FACE ( 'NONE', ( #1182, #2114 ), #922, .T. ) ;
#651 = CIRCLE ( 'NONE', #2387, 0.2250000000000000056 ) ;
#652 = DIRECTION ( 'NONE',  ( 0.000000000000000000, 1.000000000000000000, 0.000000000000000000 ) ) ;
#653 = CARTESIAN_POINT ( 'NONE',  ( 0.000000000000000000, 0.7499999999999995559, 0.000000000000000000 ) ) ;
#654 = EDGE_LOOP ( 'NONE', ( #674, #257, #418, #387, #1675, #2333, #1430, #1400 ) ) ;
#655 = CYLINDRICAL_SURFACE ( 'NONE', #1043, 0.3499999999999998668 ) ;
#656 = CARTESIAN_POINT ( 'NONE',  ( -1.905652775297741464, -6.399999999999999467, -2.223850826831695215 ) ) ;
#657 = DIRECTION ( 'NONE',  ( 0.7071067811865486830, 0.000000000000000000, -0.7071067811865464625 ) ) ;
#658 = ORIENTED_EDGE ( 'NONE', *, *, #2904, .T. ) ;
#659 = CARTESIAN_POINT ( 'NONE',  ( 0.8561741729129421774, 9.450000001092474733, 2.066987300000001859 ) ) ;
#660 = LINE ( 'NONE', #370, #2057 ) ;
#661 = EDGE_CURVE ( 'NONE', #2929, #153, #2860, .T. ) ;
#662 = CARTESIAN_POINT ( 'NONE',  ( 2.066987299999999639, 8.000000001092473667, 3.252606517456513302E-15 ) ) ;
#663 = MANIFOLD_SOLID_BREP ( 'Body-Move/Copy2[6]', #266 ) ;
#664 = AXIS2_PLACEMENT_3D ( 'NONE', #99, #554, #2189 ) ;
#665 = EDGE_CURVE ( 'NONE', #1967, #2865, #1818, .T. ) ;
#666 = DIRECTION ( 'NONE',  ( 0.000000000000000000, -1.000000000000000000, -0.000000000000000000 ) ) ;
#667 = CARTESIAN_POINT ( 'NONE',  ( 2.499999999999998668, 10.80000000000000071, 1.035533905932741972 ) ) ;
#668 = FILL_AREA_STYLE ('',( #476 ) ) ;
#669 = DIRECTION ( 'NONE',  ( 0.7071067811865486830, 0.000000000000000000, -0.7071067811865462405 ) ) ;
#670 = VERTEX_POINT ( 'NONE', #2015 ) ;
#671 = VERTEX_POINT ( 'NONE', #2749 ) ;
#672 = DIRECTION ( 'NONE',  ( 0.7071067811865487940, 0.000000000000000000, -0.7071067811865463515 ) ) ;
#673 = CIRCLE ( 'NONE', #1953, 4.650000000000001243 ) ;
#674 = ORIENTED_EDGE ( 'NONE', *, *, #1433, .F. ) ;
#675 = CARTESIAN_POINT ( 'NONE',  ( 1.767766952966371985, 7.850000002184949643, -1.767766952966365990 ) ) ;
#676 = CARTESIAN_POINT ( 'NONE',  ( -0.8561741729129476175, 10.15000000109247580, 2.066987299999999195 ) ) ;
#677 = VECTOR ( 'NONE', #605, 1000.000000000000114 ) ;
#678 = AXIS2_PLACEMENT_3D ( 'NONE', #1749, #2699, #572 ) ;
#679 = DIRECTION ( 'NONE',  ( 0.7071067811865484609, 0.000000000000000000, -0.7071067811865465735 ) ) ;
#680 = CARTESIAN_POINT ( 'NONE',  ( 2.066987299999999639, 8.800000001092474378, 3.252606517456513302E-15 ) ) ;
#681 = DIRECTION ( 'NONE',  ( 0.000000000000000000, -1.000000000000000000, 0.000000000000000000 ) ) ;
#682 = EDGE_CURVE ( 'NONE', #1864, #2451, #1278, .T. ) ;
#683 = CARTESIAN_POINT ( 'NONE',  ( 2.500000000000002220, 10.09999999999999787, -1.035533905932723542 ) ) ;
#684 = DIRECTION ( 'NONE',  ( -0.7071067811865484609, 0.000000000000000000, 0.7071067811865465735 ) ) ;
#685 = EDGE_CURVE ( 'NONE', #727, #2255, #2241, .T. ) ;
#686 = ORIENTED_EDGE ( 'NONE', *, *, #2741, .F. ) ;
#687 = CARTESIAN_POINT ( 'NONE',  ( 0.000000000000000000, 0.8699999999999998845, 0.000000000000000000 ) ) ;
#688 = ORIENTED_EDGE ( 'NONE', *, *, #19, .F. ) ;
#689 = CARTESIAN_POINT ( 'NONE',  ( -1.767766952966365990, 7.250000002184950887, -1.767766952966371985 ) ) ;
#690 = CARTESIAN_POINT ( 'NONE',  ( 2.066987300000001859, 10.45000000109247473, -0.8561741729129417333 ) ) ;
#691 = FILL_AREA_STYLE_COLOUR ( '', #444 ) ;
#692 = AXIS2_PLACEMENT_3D ( 'NONE', #404, #578, #358 ) ;
#693 = PLANE ( 'NONE',  #768 ) ;
#694 = LINE ( 'NONE', #2578, #2437 ) ;
#695 = DIRECTION ( 'NONE',  ( 0.000000000000000000, 1.000000000000000000, 0.000000000000000000 ) ) ;
#696 = CARTESIAN_POINT ( 'NONE',  ( 2.500000000000001776, 10.89999999999999858, -1.035533905932727539 ) ) ;
#697 = CARTESIAN_POINT ( 'NONE',  ( -1.184946901494291716, 7.650000000000006573, 1.864324913876106438 ) ) ;
#698 = ORIENTED_EDGE ( 'NONE', *, *, #735, .T. ) ;
#699 = CARTESIAN_POINT ( 'NONE',  ( 1.461580736456470353, 8.100000001092475088, 1.461580736456474794 ) ) ;
#700 = DIRECTION ( 'NONE',  ( -0.7071067811865486830, 0.000000000000000000, 0.7071067811865462405 ) ) ;
#701 = ORIENTED_EDGE ( 'NONE', *, *, #114, .T. ) ;
#702 = CARTESIAN_POINT ( 'NONE',  ( -1.461580736456474794, 10.10000000109247509, 1.461580736456470353 ) ) ;
#703 = PLANE ( 'NONE',  #2759 ) ;
#704 = AXIS2_PLACEMENT_3D ( 'NONE', #1384, #472, #204 ) ;
#705 = CARTESIAN_POINT ( 'NONE',  ( -2.499999999999999112, 8.900000002184947689, -1.035533905932740639 ) ) ;
#706 = CYLINDRICAL_SURFACE ( 'NONE', #148, 0.2249999999999995337 ) ;
#707 = DIRECTION ( 'NONE',  ( 0.7071067811865487940, 0.000000000000000000, -0.7071067811865463515 ) ) ;
#708 = VERTEX_POINT ( 'NONE', #562 ) ;
#709 = CARTESIAN_POINT ( 'NONE',  ( -2.066987300000001415, 9.450000001092474733, 0.8561741729129409562 ) ) ;
#711 = ADVANCED_FACE ( 'NONE', ( #80 ), #546, .T. ) ;
#710 = DIRECTION ( 'NONE',  ( 0.000000000000000000, -1.000000000000000000, 0.000000000000000000 ) ) ;
#712 = EDGE_LOOP ( 'NONE', ( #1627, #2002, #1040, #1226 ) ) ;
#713 = CARTESIAN_POINT ( 'NONE',  ( 0.8561741729129487277, 9.750000001092473667, -2.066987299999998751 ) ) ;
#714 = VECTOR ( 'NONE', #2103, 1000.000000000000000 ) ;
#715 = CARTESIAN_POINT ( 'NONE',  ( 2.066987300000001859, 7.450000001092475621, -0.8561741729129417333 ) ) ;
#716 = CARTESIAN_POINT ( 'NONE',  ( 1.040834085586084257E-14, 0.000000000000000000, 2.919999999999999929 ) ) ;
#717 = CARTESIAN_POINT ( 'NONE',  ( 2.066987299999999639, 8.200000001092476509, 3.252606517456513302E-15 ) ) ;
#718 = AXIS2_PLACEMENT_3D ( 'NONE', #187, #1103, #880 ) ;
#719 = VECTOR ( 'NONE', #2416, 1000.000000000000000 ) ;
#720 = CONICAL_SURFACE ( 'NONE', #1510, 0.3867949192431124339, 1.047197551196596299 ) ;
#721 = DIRECTION ( 'NONE',  ( -0.7071067811865486830, 0.000000000000000000, 0.7071067811865462405 ) ) ;
#722 = UNCERTAINTY_MEASURE_WITH_UNIT (LENGTH_MEASURE( 1.000000000000000082E-05 ), #2092, 'distance_accuracy_value', 'NONE');
#723 = EDGE_CURVE ( 'NONE', #2643, #1598, #270, .T. ) ;
#724 = DIRECTION ( 'NONE',  ( 0.000000000000000000, 1.000000000000000000, 0.000000000000000000 ) ) ;
#725 = CARTESIAN_POINT ( 'NONE',  ( 1.040834085586084257E-14, 0.000000000000000000, 2.919999999999999929 ) ) ;
#726 =( BOUNDED_CURVE ( )  B_SPLINE_CURVE ( 2, ( #1606, #1368, #2325, #898, #222, #2308, #2088, #2801, #2340 ),
 .UNSPECIFIED., .F., .T. ) 
 B_SPLINE_CURVE_WITH_KNOTS ( ( 3, 2, 2, 2, 3 ),
 ( 0.1499999999999999667, 0.1749999999999999056, 0.1999999999999999001, 0.2249999999999998113, 0.2499999999999997780 ),
 .UNSPECIFIED. ) 
 CURVE ( )  GEOMETRIC_REPRESENTATION_ITEM ( )  RATIONAL_B_SPLINE_CURVE ( ( 1.000000000000000000, 0.9238795325112866275, 1.000000000000000000, 0.9238795325112867385, 1.000000000000000000, 0.9238795325112867385, 1.000000000000000000, 0.9238795325112874046, 0.9999999999999993339 ) ) 
 REPRESENTATION_ITEM ( '' )  );
#727 = VERTEX_POINT ( 'NONE', #984 ) ;
#728 = CARTESIAN_POINT ( 'NONE',  ( 3.469446951953614189E-15, 10.00000000109247544, -2.066987300000000083 ) ) ;
#729 = CONICAL_SURFACE ( 'NONE', #2064, 0.3867949192431126004, 1.047197551196595855 ) ;
#730 = ADVANCED_FACE ( 'NONE', ( #854 ), #2944, .T. ) ;
#731 = CARTESIAN_POINT ( 'NONE',  ( 3.469446951953614189E-15, 8.200000001092474733, -2.066987300000000083 ) ) ;
#732 = EDGE_LOOP ( 'NONE', ( #1243, #1594, #1519, #549 ) ) ;
#733 = CARTESIAN_POINT ( 'NONE',  ( 1.461580736456470353, 9.500000001092475443, 1.461580736456474794 ) ) ;
#734 = FILL_AREA_STYLE ('',( #1721 ) ) ;
#735 = EDGE_CURVE ( 'NONE', #609, #874, #1257, .T. ) ;
#736 = ORIENTED_EDGE ( 'NONE', *, *, #2960, .T. ) ;
#737 = CARTESIAN_POINT ( 'NONE',  ( 3.469446951953614189E-15, 10.60000000109247509, -2.066987300000000083 ) ) ;
#738 = VECTOR ( 'NONE', #886, 1000.000000000000000 ) ;
#739 = DIRECTION ( 'NONE',  ( 0.000000000000000000, 1.000000000000000000, 0.000000000000000000 ) ) ;
#740 = CARTESIAN_POINT ( 'NONE',  ( 0.000000000000000000, 11.65000000000000036, 0.000000000000000000 ) ) ;
#741 = AXIS2_PLACEMENT_3D ( 'NONE', #1203, #35, #959 ) ;
#742 = ORIENTED_EDGE ( 'NONE', *, *, #106, .T. ) ;
#743 = CARTESIAN_POINT ( 'NONE',  ( 2.066987299999999639, 8.200000001092476509, 3.252606517456513302E-15 ) ) ;
#744 = EDGE_LOOP ( 'NONE', ( #2976, #2121, #238, #2299, #516 ) ) ;
#745 = CARTESIAN_POINT ( 'NONE',  ( -0.8561741729129476175, 10.35000000109247509, 2.066987299999999195 ) ) ;
#746 = CARTESIAN_POINT ( 'NONE',  ( -3.903127820947815962E-15, 10.65000000000000036, 2.500000000000000444 ) ) ;
#747 =( LENGTH_UNIT ( ) NAMED_UNIT ( * ) SI_UNIT ( .MILLI., .METRE. ) );
#748 = ORIENTED_EDGE ( 'NONE', *, *, #2926, .F. ) ;
#749 = AXIS2_PLACEMENT_3D ( 'NONE', #1856, #2798, #2338 ) ;
#750 = CARTESIAN_POINT ( 'NONE',  ( 2.499999999999998668, 9.199999999999997513, 1.035533905932741972 ) ) ;
#751 = EDGE_CURVE ( 'NONE', #1286, #1358, #3027, .T. ) ;
#752 = CARTESIAN_POINT ( 'NONE',  ( -1.461580736456474794, 9.300000001092474378, 1.461580736456470353 ) ) ;
#753 = CARTESIAN_POINT ( 'NONE',  ( 2.499999999999998668, 10.10000000218495053, 1.035533905932741972 ) ) ;
#754 = CARTESIAN_POINT ( 'NONE',  ( 0.000000000000000000, 7.650000000000001243, 0.000000000000000000 ) ) ;
#755 = CARTESIAN_POINT ( 'NONE',  ( -2.111703165583712849, 0.5000000000000000000, -4.052852050157239816 ) ) ;
#756 = DIRECTION ( 'NONE',  ( 0.000000000000000000, -1.000000000000000000, -0.000000000000000000 ) ) ;
#757 = EDGE_LOOP ( 'NONE', ( #2282, #2062, #2083, #2439 ) ) ;
#758 = CARTESIAN_POINT ( 'NONE',  ( 3.469446951953614189E-15, 9.200000001092474733, -2.066987300000000083 ) ) ;
#759 = CIRCLE ( 'NONE', #279, 0.2250000000000000056 ) ;
#760 = CARTESIAN_POINT ( 'NONE',  ( 1.461580736456470353, 7.900000001092474022, 1.461580736456474794 ) ) ;
#761 = ORIENTED_EDGE ( 'NONE', *, *, #2047, .F. ) ;
#762 = EDGE_CURVE ( 'NONE', #1439, #2616, #1571, .T. ) ;
#763 = CARTESIAN_POINT ( 'NONE',  ( -0.8561741729129415113, 9.250000001092473667, -2.066987300000001859 ) ) ;
#764 = CARTESIAN_POINT ( 'NONE',  ( 2.499999999999998668, 10.80000000000000071, 1.035533905932741972 ) ) ;
#765 = CARTESIAN_POINT ( 'NONE',  ( 3.469446951953614189E-15, 7.600000001092475976, -2.066987300000000083 ) ) ;
#766 = PRESENTATION_STYLE_ASSIGNMENT (( #49 ) ) ;
#767 = EDGE_LOOP ( 'NONE', ( #1706, #2348, #1573, #2905 ) ) ;
#768 = AXIS2_PLACEMENT_3D ( 'NONE', #1145, #916, #1839 ) ;
#769 = DIRECTION ( 'NONE',  ( -0.7071067811865484609, 0.000000000000000000, 0.7071067811865465735 ) ) ;
#770 = EDGE_CURVE ( 'NONE', #1439, #2569, #399, .T. ) ;
#771 = LINE ( 'NONE', #1470, #2460 ) ;
#772 = CARTESIAN_POINT ( 'NONE',  ( 1.461580736456475016, 10.50000000109247367, -1.461580736456470131 ) ) ;
#773 = CARTESIAN_POINT ( 'NONE',  ( -1.035533905932740861, 9.900000002184949466, 2.499999999999999112 ) ) ;
#774 = DIRECTION ( 'NONE',  ( 0.000000000000000000, -1.000000000000000000, 0.000000000000000000 ) ) ;
#775 = DIRECTION ( 'NONE',  ( -0.6123724356957952475, 0.5000000000000011102, 0.6123724356957929160 ) ) ;
#776 = AXIS2_PLACEMENT_3D ( 'NONE', #2816, #275, #1224 ) ;
#777 = ADVANCED_FACE ( 'NONE', ( #1592, #189 ), #134, .T. ) ;
#778 = ORIENTED_EDGE ( 'NONE', *, *, #2923, .T. ) ;
#779 = CARTESIAN_POINT ( 'NONE',  ( -1.461580736456470131, 10.90000000109247580, -1.461580736456475016 ) ) ;
#780 = ORIENTED_EDGE ( 'NONE', *, *, #804, .F. ) ;
#781 = VERTEX_POINT ( 'NONE', #2975 ) ;
#782 = CARTESIAN_POINT ( 'NONE',  ( 0.8561741729129487277, 9.950000001092476509, -2.066987299999998751 ) ) ;
#783 = DIRECTION ( 'NONE',  ( 0.3826834323650936676, 0.000000000000000000, 0.9238795325112850731 ) ) ;
#784 = VERTEX_POINT ( 'NONE', #1117 ) ;
#785 = CARTESIAN_POINT ( 'NONE',  ( -3.903127820947815962E-15, 9.049999999999998934, 2.500000000000000444 ) ) ;
#786 = CARTESIAN_POINT ( 'NONE',  ( -0.8561741729129475065, 9.350000001092473312, 2.066987299999998751 ) ) ;
#787 = CARTESIAN_POINT ( 'NONE',  ( 2.500000000000002220, 9.400000002184947689, -1.035533905932733534 ) ) ;
#788 = DIRECTION ( 'NONE',  ( 0.000000000000000000, 1.000000000000000000, 0.000000000000000000 ) ) ;
#789 = FACE_OUTER_BOUND ( 'NONE', #2504, .T. ) ;
#790 = CARTESIAN_POINT ( 'NONE',  ( -2.289806749252027540, 0.5000000000000000000, -4.874801026819437944 ) ) ;
#791 = CARTESIAN_POINT ( 'NONE',  ( -2.500000000000000444, 8.849999999999999645, -3.686287386450715076E-15 ) ) ;
#792 = CIRCLE ( 'NONE', #2328, 0.2250000000000000056 ) ;
#793 = CARTESIAN_POINT ( 'NONE',  ( -0.1590990257669837038, 0.000000000000000000, -2.760900974233027494 ) ) ;
#794 = VERTEX_POINT ( 'NONE', #2719 ) ;
#795 = EDGE_LOOP ( 'NONE', ( #438, #1845, #1850, #1455 ) ) ;
#796 = CARTESIAN_POINT ( 'NONE',  ( 1.461580736456475016, 9.900000001092475799, -1.461580736456470131 ) ) ;
#797 = CARTESIAN_POINT ( 'NONE',  ( 2.500000000000002220, 8.500000000000001776, -1.035533905932733534 ) ) ;
#798 = VECTOR ( 'NONE', #935, 1000.000000000000114 ) ;
#799 = DIRECTION ( 'NONE',  ( 0.000000000000000000, 1.000000000000000000, 0.000000000000000000 ) ) ;
#800 = AXIS2_PLACEMENT_3D ( 'NONE', #56, #1922, #1070 ) ;
#801 = ORIENTED_EDGE ( 'NONE', *, *, #2993, .T. ) ;
#802 = CARTESIAN_POINT ( 'NONE',  ( 1.767766920968534272, 7.650000000000001243, 1.767766984964202814 ) ) ;
#803 = AXIS2_PLACEMENT_3D ( 'NONE', #2469, #2158, #60 ) ;
#804 = EDGE_CURVE ( 'NONE', #2977, #123, #2538, .T. ) ;
#805 = CARTESIAN_POINT ( 'NONE',  ( 2.934493141924177984, -8.262823377231841349, -2.934493141924167769 ) ) ;
#806 = VECTOR ( 'NONE', #3017, 999.9999999999998863 ) ;
#807 = FACE_OUTER_BOUND ( 'NONE', #1130, .T. ) ;
#808 = CARTESIAN_POINT ( 'NONE',  ( 2.500000000000002220, 8.600000002184952308, -1.035533905932741083 ) ) ;
#809 = CARTESIAN_POINT ( 'NONE',  ( -0.3959797974644774232, 0.1000000000000000056, -2.524020202535534274 ) ) ;
#810 = VERTEX_POINT ( 'NONE', #1548 ) ;
#811 = EDGE_LOOP ( 'NONE', ( #2213, #2768 ) ) ;
#812 = CARTESIAN_POINT ( 'NONE',  ( 2.066987300000001859, 8.250000001092475443, -0.8561741729129417333 ) ) ;
#813 = DIRECTION ( 'NONE',  ( -0.7071067811865487940, 0.000000000000000000, 0.7071067811865463515 ) ) ;
#814 = ORIENTED_EDGE ( 'NONE', *, *, #2081, .T. ) ;
#815 = DIRECTION ( 'NONE',  ( 0.000000000000000000, 1.000000000000000000, 0.000000000000000000 ) ) ;
#816 = CARTESIAN_POINT ( 'NONE',  ( 1.767766952966371985, 10.25000000218494911, -1.767766952966365990 ) ) ;
#817 = DIRECTION ( 'NONE',  ( 0.000000000000000000, 1.000000000000000000, 0.000000000000000000 ) ) ;
#818 = CIRCLE ( 'NONE', #2559, 0.2250000000000000056 ) ;
#819 = CARTESIAN_POINT ( 'NONE',  ( 1.767766952966371985, 9.350000000000001421, -1.767766952966365990 ) ) ;
#820 = ADVANCED_FACE ( 'NONE', ( #1794, #2042 ), #2750, .F. ) ;
#821 = CARTESIAN_POINT ( 'NONE',  ( 0.000000000000000000, 0.5000000000000000000, 0.000000000000000000 ) ) ;
#822 = SURFACE_STYLE_FILL_AREA ( #1546 ) ;
#823 = AXIS2_PLACEMENT_3D ( 'NONE', #839, #1544, #375 ) ;
#824 = AXIS2_PLACEMENT_3D ( 'NONE', #197, #1064, #1350 ) ;
#825 = CARTESIAN_POINT ( 'NONE',  ( -1.461580736456474794, 9.500000001092475443, 1.461580736456470353 ) ) ;
#826 = CARTESIAN_POINT ( 'NONE',  ( -1.767766952966365990, 10.34999999999999964, -1.767766952966371985 ) ) ;
#827 = ORIENTED_EDGE ( 'NONE', *, *, #501, .T. ) ;
#828 = ORIENTED_EDGE ( 'NONE', *, *, #228, .T. ) ;
#829 = EDGE_CURVE ( 'NONE', #810, #1483, #651, .T. ) ;
#830 = CARTESIAN_POINT ( 'NONE',  ( 3.469446951953614189E-15, 7.600000001092475976, -2.066987300000000083 ) ) ;
#831 = CARTESIAN_POINT ( 'NONE',  ( -2.499999999999999112, 8.800000000000000711, -1.035533905932740639 ) ) ;
#832 = ADVANCED_FACE ( 'NONE', ( #1807, #1653 ), #448, .T. ) ;
#833 = CARTESIAN_POINT ( 'NONE',  ( 2.906208870676716405, 10.07000000000000028, -2.906208870676705747 ) ) ;
#834 = EDGE_LOOP ( 'NONE', ( #2994, #634 ) ) ;
#835 =( BOUNDED_CURVE ( )  B_SPLINE_CURVE ( 2, ( #2090, #696, #459, #667, #1607, #2565, #1398, #1744, #1758 ),
 .UNSPECIFIED., .F., .T. ) 
 B_SPLINE_CURVE_WITH_KNOTS ( ( 3, 2, 2, 2, 3 ),
 ( 0.05000000000000013461, 0.07500000000000009437, 0.1000000000000000611, 0.1250000000000000278, 0.1499999999999999667 ),
 .UNSPECIFIED. ) 
 CURVE ( )  GEOMETRIC_REPRESENTATION_ITEM ( )  RATIONAL_B_SPLINE_CURVE ( ( 0.9999999999999995559, 0.9238795325112871826, 1.000000000000000000, 0.9238795325112867385, 1.000000000000000000, 0.9238795325112867385, 1.000000000000000000, 0.9238795325112868495, 0.9999999999999998890 ) ) 
 REPRESENTATION_ITEM ( '' )  );
#836 = CARTESIAN_POINT ( 'NONE',  ( 1.040834085586084257E-14, 0.000000000000000000, 2.919999999999999929 ) ) ;
#837 = DIRECTION ( 'NONE',  ( -0.9238795325112847401, 0.000000000000000000, 0.3826834323650946112 ) ) ;
#838 = CARTESIAN_POINT ( 'NONE',  ( 1.035533905932734422, 9.400000000000000355, -2.499999999999998668 ) ) ;
#839 = CARTESIAN_POINT ( 'NONE',  ( -1.770464468141619507, 0.1000000000000000056, -4.927560813125293926 ) ) ;
#840 = CARTESIAN_POINT ( 'NONE',  ( -1.372599539574684169, 0.5000000000000000000, -4.358998796049315061 ) ) ;
#841 = DIRECTION ( 'NONE',  ( 0.7071067811865487940, 0.000000000000000000, -0.7071067811865463515 ) ) ;
#842 = AXIS2_PLACEMENT_3D ( 'NONE', #2318, #1360, #672 ) ;
#843 = ORIENTED_EDGE ( 'NONE', *, *, #2636, .T. ) ;
#844 = CARTESIAN_POINT ( 'NONE',  ( 0.1590990257669837316, 0.000000000000000000, 2.760900974233027494 ) ) ;
#845 = COLOUR_RGB ( '',0.7921568627450980005, 0.8196078431372548767, 0.9333333333333333481 ) ;
#846 = ORIENTED_EDGE ( 'NONE', *, *, #1343, .T. ) ;
#847 = DIRECTION ( 'NONE',  ( 0.7071067811865487940, 0.000000000000000000, -0.7071067811865463515 ) ) ;
#848 = MANIFOLD_SOLID_BREP ( 'Body-Move/Copy2[1]', #2678 ) ;
#849 = LINE ( 'NONE', #805, #2580 ) ;
#850 = ADVANCED_FACE ( 'NONE', ( #1861 ), #3020, .T. ) ;
#851 = CARTESIAN_POINT ( 'NONE',  ( -2.500000000000000444, 9.650000000000000355, -3.686287386450715076E-15 ) ) ;
#852 = FACE_BOUND ( 'NONE', #1327, .T. ) ;
#853 = CIRCLE ( 'NONE', #1790, 0.2249999999999999223 ) ;
#854 = FACE_OUTER_BOUND ( 'NONE', #2155, .T. ) ;
#855 = VERTEX_POINT ( 'NONE', #1399 ) ;
#856 = VERTEX_POINT ( 'NONE', #417 ) ;
#857 = MANIFOLD_SOLID_BREP ( 'Body-Move/Copy2[4]', #29 ) ;
#858 = CARTESIAN_POINT ( 'NONE',  ( 4.336808689942017736E-15, 10.35000000218495053, -2.500000000000000444 ) ) ;
#859 = EDGE_CURVE ( 'NONE', #781, #341, #1413, .T. ) ;
#860 = EDGE_LOOP ( 'NONE', ( #2693, #82 ) ) ;
#861 = CARTESIAN_POINT ( 'NONE',  ( 0.000000000000000000, 11.65000000000000036, 0.000000000000000000 ) ) ;
#862 = DIRECTION ( 'NONE',  ( 0.000000000000000000, -1.000000000000000000, -0.000000000000000000 ) ) ;
#863 = EDGE_CURVE ( 'NONE', #2514, #1435, #1476, .T. ) ;
#864 = CARTESIAN_POINT ( 'NONE',  ( 2.064751801064715231, 0.1000000000000000056, 2.064751801064722336 ) ) ;
#865 = LINE ( 'NONE', #2293, #616 ) ;
#866 = VERTEX_POINT ( 'NONE', #2435 ) ;
#867 = DIRECTION ( 'NONE',  ( -0.7071067811865486830, 0.000000000000000000, 0.7071067811865464625 ) ) ;
#868 = CIRCLE ( 'NONE', #244, 2.500000000000000444 ) ;
#869 = DIRECTION ( 'NONE',  ( 0.7071067811865484609, 0.000000000000000000, -0.7071067811865465735 ) ) ;
#870 = ORIENTED_EDGE ( 'NONE', *, *, #2661, .F. ) ;
#871 = CARTESIAN_POINT ( 'NONE',  ( 2.066987299999999639, 10.60000000109247509, 3.252606517456513302E-15 ) ) ;
#872 = CARTESIAN_POINT ( 'NONE',  ( 0.8561741729129487277, 7.550000001092475266, -2.066987299999998751 ) ) ;
#873 = CONICAL_SURFACE ( 'NONE', #2613, 0.3867949192431124339, 1.047197551196596521 ) ;
#874 = VERTEX_POINT ( 'NONE', #2921 ) ;
#875 = FACE_OUTER_BOUND ( 'NONE', #2766, .T. ) ;
#876 = FILL_AREA_STYLE_COLOUR ( '', #887 ) ;
#877 = AXIS2_PLACEMENT_3D ( 'NONE', #1753, #2723, #1550 ) ;
#878 = CARTESIAN_POINT ( 'NONE',  ( -1.770464468141619507, 0.5000000000000000000, -4.927560813125293926 ) ) ;
#879 = CARTESIAN_POINT ( 'NONE',  ( -1.035533905932733534, 10.29999999999999893, -2.500000000000002220 ) ) ;
#880 = DIRECTION ( 'NONE',  ( -0.7071067811865483499, 0.000000000000000000, 0.7071067811865465735 ) ) ;
#881 = CARTESIAN_POINT ( 'NONE',  ( -2.934493141924167769, 0.8700000000000001066, -2.934493141924177984 ) ) ;
#882 = DIRECTION ( 'NONE',  ( 0.000000000000000000, 1.000000000000000000, 0.000000000000000000 ) ) ;
#883 = VERTEX_POINT ( 'NONE', #101 ) ;
#884 = PRESENTATION_LAYER_ASSIGNMENT (  '', '', ( #2369 ) ) ;
#885 = CARTESIAN_POINT ( 'NONE',  ( 1.461580736456470353, 10.50000000109247544, 1.461580736456474794 ) ) ;
#886 = DIRECTION ( 'NONE',  ( 0.000000000000000000, 1.000000000000000000, 0.000000000000000000 ) ) ;
#887 = COLOUR_RGB ( '',0.7921568627450980005, 0.8196078431372548767, 0.9333333333333333481 ) ;
#888 = DIRECTION ( 'NONE',  ( -0.6123724356957949144, 0.5000000000000016653, 0.6123724356957928050 ) ) ;
#889 = EDGE_LOOP ( 'NONE', ( #2702, #2206, #1588, #2930 ) ) ;
#890 = CARTESIAN_POINT ( 'NONE',  ( -1.461580736456470131, 10.70000000109247473, -1.461580736456475016 ) ) ;
#891 = DIRECTION ( 'NONE',  ( 0.000000000000000000, -1.000000000000000000, 0.000000000000000000 ) ) ;
#892 = AXIS2_PLACEMENT_3D ( 'NONE', #653, #122, #1081 ) ;
#893 = APPLICATION_CONTEXT ( 'automotive_design' ) ;
#894 = FACE_OUTER_BOUND ( 'NONE', #1016, .T. ) ;
#895 = CARTESIAN_POINT ( 'NONE',  ( -0.8561741729129476175, 7.750000001092475443, 2.066987299999999195 ) ) ;
#896 = EDGE_CURVE ( 'NONE', #1910, #1831, #2642, .T. ) ;
#897 = CYLINDRICAL_SURFACE ( 'NONE', #1541, 4.150000000000001243 ) ;
#898 = CARTESIAN_POINT ( 'NONE',  ( -2.499999999999999112, 9.700000002184950176, -1.035533905932740639 ) ) ;
#899 = CARTESIAN_POINT ( 'NONE',  ( -1.905652775297741464, -6.399999999999999467, -2.223850826831695215 ) ) ;
#900 = CARTESIAN_POINT ( 'NONE',  ( 1.035533905932733978, 9.900000000000000355, 2.500000000000002220 ) ) ;
#901 = DIRECTION ( 'NONE',  ( 0.000000000000000000, 1.000000000000000000, 0.000000000000000000 ) ) ;
#902 = FACE_OUTER_BOUND ( 'NONE', #2078, .T. ) ;
#903 = AXIS2_PLACEMENT_3D ( 'NONE', #401, #2298, #1312 ) ;
#904 = CARTESIAN_POINT ( 'NONE',  ( -1.909647267044297658, 7.650000000000063416, 0.7910017786525727068 ) ) ;
#905 = DIRECTION ( 'NONE',  ( 0.000000000000000000, 1.000000000000000000, 0.000000000000000000 ) ) ;
#906 = ORIENTED_EDGE ( 'NONE', *, *, #2081, .F. ) ;
#907 = CARTESIAN_POINT ( 'NONE',  ( 1.905652775297741686, -2.574980159653073031E-16, 2.223850826831695215 ) ) ;
#908 = CARTESIAN_POINT ( 'NONE',  ( 0.000000000000000000, 7.650000000000001243, 0.000000000000000000 ) ) ;
#909 = CARTESIAN_POINT ( 'NONE',  ( 1.905652775297741686, -6.399999999999999467, 2.223850826831695215 ) ) ;
#910 = ORIENTED_EDGE ( 'NONE', *, *, #2657, .F. ) ;
#911 = CARTESIAN_POINT ( 'NONE',  ( -1.035533905932733534, 7.200000002184949288, -2.500000000000002220 ) ) ;
#912 = CARTESIAN_POINT ( 'NONE',  ( -2.066987299999999639, 8.400000001092474022, -3.252606517456513302E-15 ) ) ;
#913 = CARTESIAN_POINT ( 'NONE',  ( 3.469446951953614189E-15, 7.400000001092475799, -2.066987300000000083 ) ) ;
#914 = AXIS2_PLACEMENT_3D ( 'NONE', #1951, #2217, #1507 ) ;
#915 = ADVANCED_FACE ( 'NONE', ( #1023 ), #1445, .T. ) ;
#916 = DIRECTION ( 'NONE',  ( 0.000000000000000000, -1.000000000000000000, 0.000000000000000000 ) ) ;
#917 = CARTESIAN_POINT ( 'NONE',  ( -1.767766952966365990, 8.850000002184948755, -1.767766952966371985 ) ) ;
#918 = CARTESIAN_POINT ( 'NONE',  ( -2.934493141924167769, 11.65000000000000036, -2.934493141924177984 ) ) ;
#919 = DIRECTION ( 'NONE',  ( -0.7071067811865487940, 0.000000000000000000, 0.7071067811865462405 ) ) ;
#920 = ORIENTED_EDGE ( 'NONE', *, *, #349, .T. ) ;
#921 = CARTESIAN_POINT ( 'NONE',  ( 3.469446951953614189E-15, 10.80000000109247615, -2.066987300000000083 ) ) ;
#922 = PLANE ( 'NONE',  #591 ) ;
#923 = VERTEX_POINT ( 'NONE', #2154 ) ;
#924 = CARTESIAN_POINT ( 'NONE',  ( -2.066987300000001859, 10.05000000109247615, 0.8561741729129409562 ) ) ;
#925 = CARTESIAN_POINT ( 'NONE',  ( -1.040834085586084257E-14, 0.1000000000000000056, -2.919999999999999929 ) ) ;
#926 = VECTOR ( 'NONE', #2805, 1000.000000000000000 ) ;
#927 = CARTESIAN_POINT ( 'NONE',  ( 1.937356658061079040, 7.650000000000004796, -1.366919386427949190 ) ) ;
#928 = CARTESIAN_POINT ( 'NONE',  ( -1.905652775297741464, 0.000000000000000000, -2.223850826831695215 ) ) ;
#929 = LINE ( 'NONE', #502, #1116 ) ;
#930 = CARTESIAN_POINT ( 'NONE',  ( 1.767766952966371985, 10.14999999999999858, -1.767766952966365990 ) ) ;
#931 = SURFACE_STYLE_FILL_AREA ( #2353 ) ;
#932 = CARTESIAN_POINT ( 'NONE',  ( 2.064751801064715231, 0.1000000000000000056, 2.064751801064722336 ) ) ;
#933 = PLANE ( 'NONE',  #1409 ) ;
#934 = ORIENTED_EDGE ( 'NONE', *, *, #501, .F. ) ;
#935 = DIRECTION ( 'NONE',  ( 0.6123724356957952475, 0.5000000000000011102, -0.6123724356957929160 ) ) ;
#936 = CARTESIAN_POINT ( 'NONE',  ( 0.000000000000000000, 11.65000000000000036, 0.000000000000000000 ) ) ;
#937 = ORIENTED_EDGE ( 'NONE', *, *, #2904, .F. ) ;
#938 = CARTESIAN_POINT ( 'NONE',  ( -0.8561741729129476175, 10.15000000109247580, 2.066987299999999195 ) ) ;
#939 = CARTESIAN_POINT ( 'NONE',  ( -1.461580736456470131, 8.500000001092473667, -1.461580736456475016 ) ) ;
#940 = CARTESIAN_POINT ( 'NONE',  ( -2.066987299999999195, 8.350000001092475088, -0.8561741729129475065 ) ) ;
#941 = SURFACE_STYLE_FILL_AREA ( #1650 ) ;
#942 = ORIENTED_EDGE ( 'NONE', *, *, #329, .T. ) ;
#943 = MECHANICAL_DESIGN_GEOMETRIC_PRESENTATION_REPRESENTATION (  '', ( #2027 ), #1882 ) ;
#944 = DIRECTION ( 'NONE',  ( 0.000000000000000000, 1.000000000000000000, 0.000000000000000000 ) ) ;
#945 = DIRECTION ( 'NONE',  ( 0.7071067811865491270, 0.000000000000000000, -0.7071067811865461294 ) ) ;
#946 = EDGE_CURVE ( 'NONE', #1435, #2862, #548, .T. ) ;
#947 = CARTESIAN_POINT ( 'NONE',  ( -1.035533905932733534, 11.10000000000000142, -2.500000000000002220 ) ) ;
#948 = CLOSED_SHELL ( 'NONE', ( #964, #2129, #110, #2243 ) ) ;
#949 = CARTESIAN_POINT ( 'NONE',  ( 0.4037632238157642939, 7.650000000000002132, 2.336451931449757158 ) ) ;
#950 = VECTOR ( 'NONE', #2464, 1000.000000000000000 ) ;
#951 = ORIENTED_EDGE ( 'NONE', *, *, #1062, .T. ) ;
#952 = CARTESIAN_POINT ( 'NONE',  ( 2.066987299999998751, 8.150000001092474022, 0.8561741729129486167 ) ) ;
#953 = DIRECTION ( 'NONE',  ( -0.7071067811865486830, 0.000000000000000000, 0.7071067811865462405 ) ) ;
#954 = VERTEX_POINT ( 'NONE', #186 ) ;
#955 = CARTESIAN_POINT ( 'NONE',  ( 2.066987299999998751, 10.35000000109247509, 0.8561741729129487277 ) ) ;
#956 = STYLED_ITEM ( 'NONE', ( #1840 ), #1688 ) ;
#957 = CARTESIAN_POINT ( 'NONE',  ( 1.035533905932733978, 10.00000000218494911, 2.500000000000002220 ) ) ;
#958 = EDGE_CURVE ( 'NONE', #1900, #67, #1294, .T. ) ;
#959 = DIRECTION ( 'NONE',  ( -0.7071067811865487940, 0.000000000000000000, 0.7071067811865463515 ) ) ;
#960 = CARTESIAN_POINT ( 'NONE',  ( 1.905652775297741686, -6.399999999999999467, 2.223850826831695215 ) ) ;
#961 = DIRECTION ( 'NONE',  ( 0.000000000000000000, -1.000000000000000000, 0.000000000000000000 ) ) ;
#962 = EDGE_CURVE ( 'NONE', #2302, #2889, #31, .T. ) ;
#963 = DIRECTION ( 'NONE',  ( 0.7071067811865491270, 0.000000000000000000, -0.7071067811865461294 ) ) ;
#964 = ADVANCED_FACE ( 'NONE', ( #1994 ), #350, .T. ) ;
#965 = ORIENTED_EDGE ( 'NONE', *, *, #1283, .F. ) ;
#966 = CARTESIAN_POINT ( 'NONE',  ( 0.8561741729129486167, 9.950000001092474733, -2.066987299999998751 ) ) ;
#967 = ADVANCED_FACE ( 'NONE', ( #604 ), #1053, .T. ) ;
#968 = ORIENTED_EDGE ( 'NONE', *, *, #514, .T. ) ;
#969 = CARTESIAN_POINT ( 'NONE',  ( 3.469446951953614189E-15, 9.800000001092474378, -2.066987300000000083 ) ) ;
#970 = AXIS2_PLACEMENT_3D ( 'NONE', #485, #1665, #1426 ) ;
#971 = CARTESIAN_POINT ( 'NONE',  ( 1.035533905932741972, 11.00000000000000000, -2.499999999999998668 ) ) ;
#972 = FACE_OUTER_BOUND ( 'NONE', #2166, .T. ) ;
#973 = ORIENTED_EDGE ( 'NONE', *, *, #804, .T. ) ;
#974 = CIRCLE ( 'NONE', #1309, 1.949999999999999734 ) ;
#975 = CARTESIAN_POINT ( 'NONE',  ( -1.035533905932745968, 9.799999999999998934, 2.499999999999999556 ) ) ;
#976 = CONICAL_SURFACE ( 'NONE', #1658, 0.3867949192431124339, 1.047197551196596521 ) ;
#977 = CARTESIAN_POINT ( 'NONE',  ( -0.8561741729129415113, 9.050000001092474378, -2.066987300000001415 ) ) ;
#978 = FILL_AREA_STYLE_COLOUR ( '', #323 ) ;
#979 = CYLINDRICAL_SURFACE ( 'NONE', #1743, 0.2249999999999995337 ) ;
#980 = EDGE_CURVE ( 'NONE', #2361, #1900, #508, .T. ) ;
#981 = DIRECTION ( 'NONE',  ( -0.000000000000000000, -1.000000000000000000, -0.000000000000000000 ) ) ;
#982 = ORIENTED_EDGE ( 'NONE', *, *, #1082, .T. ) ;
#983 = CARTESIAN_POINT ( 'NONE',  ( -2.066987299999998751, 9.350000001092473312, -0.8561741729129473955 ) ) ;
#984 = CARTESIAN_POINT ( 'NONE',  ( -1.767766952966371985, 11.15000000000000213, 1.767766952966365990 ) ) ;
#985 = ORIENTED_EDGE ( 'NONE', *, *, #2417, .T. ) ;
#986 = EDGE_CURVE ( 'NONE', #461, #142, #2945, .T. ) ;
#987 = CARTESIAN_POINT ( 'NONE',  ( 3.469446951953614189E-15, 10.80000000109247615, -2.066987300000000083 ) ) ;
#988 = CARTESIAN_POINT ( 'NONE',  ( 0.000000000000000000, 7.650000000000001243, 0.000000000000000000 ) ) ;
#989 = EDGE_CURVE ( 'NONE', #1195, #118, #1308, .T. ) ;
#990 = ORIENTED_EDGE ( 'NONE', *, *, #2850, .T. ) ;
#991 = CYLINDRICAL_SURFACE ( 'NONE', #575, 0.2250000000000000056 ) ;
#992 = CARTESIAN_POINT ( 'NONE',  ( -1.767766952966371763, 9.750000000000000000, 1.767766952966366212 ) ) ;
#993 = CARTESIAN_POINT ( 'NONE',  ( 2.066987299999999639, 9.600000001092475088, 3.252606517456513302E-15 ) ) ;
#994 = CARTESIAN_POINT ( 'NONE',  ( -1.767766952966371763, 8.250000002184949111, 1.767766952966366212 ) ) ;
#995 = AXIS2_PLACEMENT_3D ( 'NONE', #1759, #2711, #2261 ) ;
#996 = DIRECTION ( 'NONE',  ( 0.000000000000000000, 1.000000000000000000, 0.000000000000000000 ) ) ;
#997 = ORIENTED_EDGE ( 'NONE', *, *, #2101, .F. ) ;
#998 = PLANE ( 'NONE',  #1833 ) ;
#999 = CARTESIAN_POINT ( 'NONE',  ( -2.066987299999999195, 8.350000001092475088, -0.8561741729129475065 ) ) ;
#1000 = ORIENTED_EDGE ( 'NONE', *, *, #2621, .T. ) ;
#1001 = CARTESIAN_POINT ( 'NONE',  ( 2.066987299999999639, 9.000000001092473667, 3.252606517456513302E-15 ) ) ;
#1002 = FACE_OUTER_BOUND ( 'NONE', #3044, .T. ) ;
#1003 = ORIENTED_EDGE ( 'NONE', *, *, #1174, .F. ) ;
#1004 = EDGE_CURVE ( 'NONE', #118, #2397, #673, .T. ) ;
#1005 = VECTOR ( 'NONE', #471, 1000.000000000000000 ) ;
#1006 = DIRECTION ( 'NONE',  ( 0.000000000000000000, 1.000000000000000000, 0.000000000000000000 ) ) ;
#1007 = CARTESIAN_POINT ( 'NONE',  ( 1.461580736456470353, 10.30000000109247438, 1.461580736456474794 ) ) ;
#1008 = CARTESIAN_POINT ( 'NONE',  ( 1.767766952966366212, 8.450000002184950176, 1.767766952966371763 ) ) ;
#1009 = CARTESIAN_POINT ( 'NONE',  ( 1.040834085586084257E-14, 0.1000000000000000056, 2.919999999999999929 ) ) ;
#1010 = EDGE_CURVE ( 'NONE', #1273, #883, #2028, .T. ) ;
#1011 = CARTESIAN_POINT ( 'NONE',  ( -1.767766952966365990, 9.549999999999998934, -1.767766952966371985 ) ) ;
#1012 = FACE_OUTER_BOUND ( 'NONE', #2720, .T. ) ;
#1013 = ORIENTED_EDGE ( 'NONE', *, *, #1730, .F. ) ;
#1014 = CARTESIAN_POINT ( 'NONE',  ( -2.066987299999999639, 8.600000001092475088, -3.252606517456513302E-15 ) ) ;
#1015 = CARTESIAN_POINT ( 'NONE',  ( -2.499999999999999112, 10.40000000000000036, -1.035533905932740639 ) ) ;
#1016 = EDGE_LOOP ( 'NONE', ( #1846, #2330, #2263, #1102 ) ) ;
#1017 = AXIS2_PLACEMENT_3D ( 'NONE', #1189, #944, #2137 ) ;
#1018 = FACE_OUTER_BOUND ( 'NONE', #298, .T. ) ;
#1019 = CARTESIAN_POINT ( 'NONE',  ( 0.8561741729129486167, 9.750000001092475443, -2.066987299999998751 ) ) ;
#1020 = CARTESIAN_POINT ( 'NONE',  ( 1.035533905932733978, 8.400000002184951242, 2.500000000000002220 ) ) ;
#1021 = DIRECTION ( 'NONE',  ( 0.000000000000000000, 1.000000000000000000, 0.000000000000000000 ) ) ;
#1022 = AXIS2_PLACEMENT_3D ( 'NONE', #836, #2024, #2782 ) ;
#1023 = FACE_OUTER_BOUND ( 'NONE', #587, .T. ) ;
#1024 = STYLED_ITEM ( 'NONE', ( #385 ), #1873 ) ;
#1025 = DIRECTION ( 'NONE',  ( -0.7071067811865486830, 0.000000000000000000, 0.7071067811865462405 ) ) ;
#1026 = ORIENTED_EDGE ( 'NONE', *, *, #1834, .T. ) ;
#1027 = EDGE_CURVE ( 'NONE', #1195, #3022, #2005, .T. ) ;
#1028 = CARTESIAN_POINT ( 'NONE',  ( 0.8561741729129421774, 10.45000000109247473, 2.066987300000001859 ) ) ;
#1029 = ORIENTED_EDGE ( 'NONE', *, *, #1302, .F. ) ;
#1030 = CARTESIAN_POINT ( 'NONE',  ( -2.064751801064715231, 0.000000000000000000, -2.064751801064722336 ) ) ;
#1031 = CARTESIAN_POINT ( 'NONE',  ( 2.066987299999998751, 7.950000001092473845, 0.8561741729129486167 ) ) ;
#1032 = CARTESIAN_POINT ( 'NONE',  ( 1.035533905932741972, 9.500000002184950887, -2.499999999999998668 ) ) ;
#1033 =( LENGTH_UNIT ( ) NAMED_UNIT ( * ) SI_UNIT ( .MILLI., .METRE. ) );
#1034 = MECHANICAL_DESIGN_GEOMETRIC_PRESENTATION_REPRESENTATION (  '', ( #2369 ), #1419 ) ;
#1035 = CARTESIAN_POINT ( 'NONE',  ( 1.134465007570707007, 7.650000000000002132, 2.161518037331129349 ) ) ;
#1036 = CARTESIAN_POINT ( 'NONE',  ( 0.1590990257669628316, 0.000000000000000000, -3.079099025766972364 ) ) ;
#1037 = AXIS2_PLACEMENT_3D ( 'NONE', #566, #1292, #1745 ) ;
#1038 = LINE ( 'NONE', #1981, #2847 ) ;
#1039 = VERTEX_POINT ( 'NONE', #1101 ) ;
#1040 = ORIENTED_EDGE ( 'NONE', *, *, #1027, .F. ) ;
#1041 = CARTESIAN_POINT ( 'NONE',  ( 2.066987300000001859, 10.65000000109247758, -0.8561741729129417333 ) ) ;
#1042 = CARTESIAN_POINT ( 'NONE',  ( -1.767766952966365990, 8.750000000000000000, -1.767766952966371985 ) ) ;
#1043 = AXIS2_PLACEMENT_3D ( 'NONE', #388, #2079, #2776 ) ;
#1044 = LINE ( 'NONE', #2933, #221 ) ;
#1045 = COLOUR_RGB ( '',0.2509803921568627416, 0.2509803921568627416, 0.2509803921568627416 ) ;
#1046 = ORIENTED_EDGE ( 'NONE', *, *, #66, .T. ) ;
#1047 = CARTESIAN_POINT ( 'NONE',  ( 4.336808689942017736E-15, 7.850000000000001421, -2.500000000000000444 ) ) ;
#1048 = COLOUR_RGB ( '',0.9686274509803921573, 0.8784313725490195957, 0.5999999999999999778 ) ;
#1049 = EDGE_CURVE ( 'NONE', #708, #1063, #865, .T. ) ;
#1050 = DIRECTION ( 'NONE',  ( 0.000000000000000000, 1.000000000000000000, 0.000000000000000000 ) ) ;
#1051 = CARTESIAN_POINT ( 'NONE',  ( 2.499999999999998668, 8.500000002184949111, 1.035533905932741972 ) ) ;
#1052 = FACE_OUTER_BOUND ( 'NONE', #2765, .T. ) ;
#1053 = PLANE ( 'NONE',  #467 ) ;
#1054 = ADVANCED_FACE ( 'NONE', ( #807 ), #693, .F. ) ;
#1055 = CARTESIAN_POINT ( 'NONE',  ( -0.2735053103252978457, 0.000000000000000000, 3.193505310325307267 ) ) ;
#1056 = PLANE ( 'NONE',  #1457 ) ;
#1057 = EDGE_CURVE ( 'NONE', #2267, #67, #726, .T. ) ;
#1058 = DIRECTION ( 'NONE',  ( 0.7071067811865484609, 0.000000000000000000, -0.7071067811865465735 ) ) ;
#1059 = ORIENTED_EDGE ( 'NONE', *, *, #2630, .F. ) ;
#1060 = TOROIDAL_SURFACE ( 'NONE', #2788, 4.860000000000000320, 0.7500000000000001110 ) ;
#1061 = FACE_OUTER_BOUND ( 'NONE', #2790, .T. ) ;
#1062 = EDGE_CURVE ( 'NONE', #2971, #2465, #2991, .T. ) ;
#1063 = VERTEX_POINT ( 'NONE', #2123 ) ;
#1064 = DIRECTION ( 'NONE',  ( 0.000000000000000000, -1.000000000000000000, 0.000000000000000000 ) ) ;
#1065 = DIRECTION ( 'NONE',  ( 0.000000000000000000, 1.000000000000000000, 0.000000000000000000 ) ) ;
#1066 = DIRECTION ( 'NONE',  ( 0.000000000000000000, -1.000000000000000000, 0.000000000000000000 ) ) ;
#1067 =( BOUNDED_CURVE ( )  B_SPLINE_CURVE ( 2, ( #2094, #2283, #921, #1106, #2044, #2989, #871, #1810, #885, #2660, #1401, #263, #252, #2357, #2143, #27, #59, #2157, #728, #966, #1227, #1196, #2175, #1673, #1212, #2629, #1180, #2612, #2597, #709, #1687, #983, #1657, #478, #758, #2644, #278, #74, #2846, #527, #2863, #1241, #2192, #43, #1924, #1464, #1937, #2407, #462, #2876, #90, #2821, #492, #1431, #743, #952, #699, #1418, #2834, #299, #1894, #510, #2373, #2423, #311, #1447, #2391 ),
 .UNSPECIFIED., .F., .F. ) 
 B_SPLINE_CURVE_WITH_KNOTS ( ( 3, 2, 2, 2, 2, 2, 2, 2, 2, 2, 2, 2, 2, 2, 2, 2, 2, 2, 2, 2, 2, 2, 2, 2, 2, 2, 2, 2, 2, 2, 2, 2, 2, 3 ),
 ( 0.000000000000000000, 0.02500000000000000139, 0.05000000000000000278, 0.07499999999999999722, 0.1000000000000000056, 0.1250000000000000000, 0.1499999999999999944, 0.1749999999999999889, 0.2000000000000000111, 0.2250000000000000056, 0.2500000000000000000, 0.2750000000000000222, 0.2999999999999999889, 0.3249999999999999556, 0.3499999999999999778, 0.3749999999999999445, 0.4000000000000000222, 0.4250000000000000444, 0.4500000000000000111, 0.4750000000000000333, 0.5000000000000000000, 0.5250000000000000222, 0.5500000000000000444, 0.5749999999999999556, 0.5999999999999999778, 0.6250000000000000000, 0.6499999999999999112, 0.6750000000000000444, 0.6999999999999999556, 0.7249999999999999778, 0.7499999999999998890, 0.7750000000000000222, 0.8000000000000000444, 0.8125000002627238427 ),
 .UNSPECIFIED. ) 
 CURVE ( )  GEOMETRIC_REPRESENTATION_ITEM ( )  RATIONAL_B_SPLINE_CURVE ( ( 1.000000000000000000, 0.9238795325112867385, 1.000000000000000000, 0.9238795325112867385, 1.000000000000000000, 0.9238795325112867385, 1.000000000000000000, 0.9238795325112867385, 1.000000000000000000, 0.9238795325112867385, 1.000000000000000000, 0.9238795325112867385, 1.000000000000000000, 0.9238795325112867385, 1.000000000000000000, 0.9238795325112867385, 1.000000000000000000, 0.9238795325112867385, 1.000000000000000000, 0.9238795325112867385, 1.000000000000000000, 0.9238795325112867385, 1.000000000000000000, 0.9238795325112867385, 1.000000000000000000, 0.9238795325112867385, 1.000000000000000000, 0.9238795325112867385, 1.000000000000000000, 0.9238795325112867385, 1.000000000000000000, 0.9238795325112867385, 1.000000000000000000, 0.9238795325112867385, 1.000000000000000000, 0.9238795325112867385, 1.000000000000000000, 0.9238795325112867385, 1.000000000000000000, 0.9238795325112867385, 1.000000000000000000, 0.9238795325112867385, 1.000000000000000000, 0.9238795325112867385, 1.000000000000000000, 0.9238795325112867385, 1.000000000000000000, 0.9238795325112867385, 1.000000000000000000, 0.9238795325112867385, 1.000000000000000000, 0.9238795325112867385, 1.000000000000000000, 0.9238795325112867385, 1.000000000000000000, 0.9238795325112867385, 1.000000000000000000, 0.9238795325112867385, 1.000000000000000000, 0.9238795325112867385, 1.000000000000000000, 0.9238795325112867385, 1.000000000000000000, 0.9238795325112867385, 1.000000000000000000, 0.9619397654556969268, 0.9619397662556433692 ) ) 
 REPRESENTATION_ITEM ( '' )  );
#1068 = DIRECTION ( 'NONE',  ( 0.000000000000000000, 1.000000000000000000, 0.000000000000000000 ) ) ;
#1069 = VECTOR ( 'NONE', #1095, 1000.000000000000000 ) ;
#1070 = DIRECTION ( 'NONE',  ( 0.7071067811865490160, 0.000000000000000000, -0.7071067811865461294 ) ) ;
#1071 = EDGE_CURVE ( 'NONE', #1647, #2683, #2351, .T. ) ;
#1072 = AXIS2_PLACEMENT_3D ( 'NONE', #1163, #489, #1415 ) ;
#1073 = DIRECTION ( 'NONE',  ( 0.000000000000000000, -1.000000000000000000, 0.000000000000000000 ) ) ;
#1074 = CARTESIAN_POINT ( 'NONE',  ( -3.903127820947815962E-15, 9.150000002184947689, 2.500000000000000444 ) ) ;
#1075 = AXIS2_PLACEMENT_3D ( 'NONE', #2861, #1965, #1104 ) ;
#1076 = DIRECTION ( 'NONE',  ( -0.7071067811865486830, 0.000000000000000000, 0.7071067811865462405 ) ) ;
#1077 = EDGE_LOOP ( 'NONE', ( #1331, #990, #2837, #1136 ) ) ;
#1078 = CARTESIAN_POINT ( 'NONE',  ( 0.8561741729129487277, 8.350000001092475088, -2.066987299999998751 ) ) ;
#1079 = LINE ( 'NONE', #2020, #100 ) ;
#1080 = DIRECTION ( 'NONE',  ( 0.000000000000000000, -1.000000000000000000, 0.000000000000000000 ) ) ;
#1081 = DIRECTION ( 'NONE',  ( 0.7071067811865486830, 0.000000000000000000, -0.7071067811865462405 ) ) ;
#1082 = EDGE_CURVE ( 'NONE', #167, #42, #1608, .T. ) ;
#1083 = ORIENTED_EDGE ( 'NONE', *, *, #1233, .T. ) ;
#1084 = CARTESIAN_POINT ( 'NONE',  ( 2.064751801064715231, -2.574980159653073031E-16, 2.064751801064722336 ) ) ;
#1085 = CARTESIAN_POINT ( 'NONE',  ( -2.289806749252027540, 0.5000000000000000000, -4.874801026819437944 ) ) ;
#1086 = DIRECTION ( 'NONE',  ( -0.7071067811865486830, 0.000000000000000000, 0.7071067811865462405 ) ) ;
#1087 = LINE ( 'NONE', #2074, #198 ) ;
#1088 = DIRECTION ( 'NONE',  ( 0.000000000000000000, -1.000000000000000000, 0.000000000000000000 ) ) ;
#1089 = EDGE_CURVE ( 'NONE', #874, #2361, #2095, .T. ) ;
#1090 = DIRECTION ( 'NONE',  ( 0.000000000000000000, -1.000000000000000000, 0.000000000000000000 ) ) ;
#1091 = STYLED_ITEM ( 'NONE', ( #1618 ), #2835 ) ;
#1092 = ORIENTED_EDGE ( 'NONE', *, *, #682, .T. ) ;
#1093 = EDGE_LOOP ( 'NONE', ( #2646, #1300, #62, #870 ) ) ;
#1094 = FACE_OUTER_BOUND ( 'NONE', #267, .T. ) ;
#1095 = DIRECTION ( 'NONE',  ( -0.9238795325112847401, 0.000000000000000000, 0.3826834323650946112 ) ) ;
#1096 = CONICAL_SURFACE ( 'NONE', #1781, 0.3867949192431126004, 1.047197551196595855 ) ;
#1097 = ORIENTED_EDGE ( 'NONE', *, *, #986, .T. ) ;
#1098 = CARTESIAN_POINT ( 'NONE',  ( 1.040834085586084257E-14, -6.399999999999999467, 2.919999999999999929 ) ) ;
#1099 = DIRECTION ( 'NONE',  ( 0.6123724356957952475, 0.5000000000000012212, -0.6123724356957928050 ) ) ;
#1100 = ADVANCED_FACE ( 'NONE', ( #2604 ), #2383, .T. ) ;
#1101 = CARTESIAN_POINT ( 'NONE',  ( 3.231477990022528779, 0.1000000000000000056, -3.231477990022517677 ) ) ;
#1102 = ORIENTED_EDGE ( 'NONE', *, *, #1407, .T. ) ;
#1103 = DIRECTION ( 'NONE',  ( -0.7071067811865463515, 0.000000000000000000, -0.7071067811865487940 ) ) ;
#1104 = DIRECTION ( 'NONE',  ( -0.7071067811865486830, 0.000000000000000000, 0.7071067811865462405 ) ) ;
#1105 = ORIENTED_EDGE ( 'NONE', *, *, #1233, .F. ) ;
#1106 = CARTESIAN_POINT ( 'NONE',  ( 0.8561741729129486167, 10.75000000109247544, -2.066987299999998751 ) ) ;
#1107 = CARTESIAN_POINT ( 'NONE',  ( 0.000000000000000000, 9.350000000000001421, 0.000000000000000000 ) ) ;
#1108 = ORIENTED_EDGE ( 'NONE', *, *, #1490, .F. ) ;
#1109 = CARTESIAN_POINT ( 'NONE',  ( -3.288046532517452381, 11.65000000000000036, 3.288046532517440834 ) ) ;
#1110 = APPLICATION_CONTEXT ( 'automotive_design' ) ;
#1111 = PRODUCT_RELATED_PRODUCT_CATEGORY ( 'part', '', ( #2211 ) ) ;
#1112 = DIRECTION ( 'NONE',  ( 0.000000000000000000, 1.000000000000000000, 0.000000000000000000 ) ) ;
#1113 = CARTESIAN_POINT ( 'NONE',  ( 1.461580736456475016, 10.70000000109247473, -1.461580736456470131 ) ) ;
#1114 = CARTESIAN_POINT ( 'NONE',  ( -2.500000000000002220, 9.700000000000001066, 1.035533905932727761 ) ) ;
#1115 = CARTESIAN_POINT ( 'NONE',  ( 2.064751801064715231, -6.399999999999999467, 2.064751801064722336 ) ) ;
#1116 = VECTOR ( 'NONE', #2122, 1000.000000000000000 ) ;
#1117 = CARTESIAN_POINT ( 'NONE',  ( -3.231477990022528335, 0.7500000000000000000, 3.231477990022518565 ) ) ;
#1118 = ORIENTED_EDGE ( 'NONE', *, *, #1855, .T. ) ;
#1119 = DIRECTION ( 'NONE',  ( 0.000000000000000000, 1.000000000000000000, 0.000000000000000000 ) ) ;
#1120 = CARTESIAN_POINT ( 'NONE',  ( -1.767766952966365990, 10.45000000218495018, -1.767766952966371985 ) ) ;
#1121 = AXIS2_PLACEMENT_3D ( 'NONE', #1945, #83, #550 ) ;
#1122 = MECHANICAL_DESIGN_GEOMETRIC_PRESENTATION_REPRESENTATION (  '', ( #1024 ), #8 ) ;
#1123 = EDGE_CURVE ( 'NONE', #2451, #1864, #2506, .T. ) ;
#1124 = ORIENTED_EDGE ( 'NONE', *, *, #2815, .T. ) ;
#1125 = CARTESIAN_POINT ( 'NONE',  ( -3.252606517456513302E-15, 10.20000000109247473, 2.066987300000000083 ) ) ;
#1126 = FACE_OUTER_BOUND ( 'NONE', #1678, .T. ) ;
#1127 = AXIS2_PLACEMENT_3D ( 'NONE', #178, #1520, #2269 ) ;
#1128 = DIRECTION ( 'NONE',  ( 0.000000000000000000, 1.000000000000000000, 0.000000000000000000 ) ) ;
#1129 = DIRECTION ( 'NONE',  ( 0.7071067811865486830, 0.000000000000000000, -0.7071067811865462405 ) ) ;
#1130 = EDGE_LOOP ( 'NONE', ( #1827, #2194 ) ) ;
#1131 = CARTESIAN_POINT ( 'NONE',  ( -1.767766952966371763, 8.250000002184949111, 1.767766952966366212 ) ) ;
#1132 = CARTESIAN_POINT ( 'NONE',  ( -1.767766952966365990, 8.050000002184948045, -1.767766952966371985 ) ) ;
#1133 = CARTESIAN_POINT ( 'NONE',  ( 2.312239174480007264, 0.000000000000000000, 1.817264427649431413 ) ) ;
#1134 = ORIENTED_EDGE ( 'NONE', *, *, #2153, .F. ) ;
#1135 = AXIS2_PLACEMENT_3D ( 'NONE', #1628, #2332, #463 ) ;
#1136 = ORIENTED_EDGE ( 'NONE', *, *, #859, .T. ) ;
#1137 = CARTESIAN_POINT ( 'NONE',  ( 2.312239174480007264, 0.000000000000000000, 1.817264427649431413 ) ) ;
#1138 = AXIS2_PLACEMENT_3D ( 'NONE', #1566, #2728, #2525 ) ;
#1139 = FACE_OUTER_BOUND ( 'NONE', #2611, .T. ) ;
#1140 = ORIENTED_EDGE ( 'NONE', *, *, #1369, .F. ) ;
#1141 = EDGE_CURVE ( 'NONE', #594, #286, #2052, .T. ) ;
#1142 = CARTESIAN_POINT ( 'NONE',  ( -0.8561741729129476175, 8.550000001092477930, 2.066987299999999195 ) ) ;
#1143 = CARTESIAN_POINT ( 'NONE',  ( 2.249829861281952947, 7.650000000000002132, -0.9005770716734637915 ) ) ;
#1144 = CARTESIAN_POINT ( 'NONE',  ( -1.461580736456470131, 7.500000001092475443, -1.461580736456475016 ) ) ;
#1145 = CARTESIAN_POINT ( 'NONE',  ( 1.040834085586084257E-14, 0.1000000000000000056, 2.919999999999999929 ) ) ;
#1146 = CARTESIAN_POINT ( 'NONE',  ( 4.336808689942017736E-15, 8.750000002184949111, -2.500000000000000444 ) ) ;
#1147 = LINE ( 'NONE', #1323, #2455 ) ;
#1148 =( BOUNDED_CURVE ( )  B_SPLINE_CURVE ( 2, ( #2200, #1274, #1259, #750, #1696, #517, #785, #2214, #109 ),
 .UNSPECIFIED., .F., .F. ) 
 B_SPLINE_CURVE_WITH_KNOTS ( ( 3, 2, 2, 2, 3 ),
 ( 0.4499999999999998446, 0.4749999999999998668, 0.5000000000000000000, 0.5250000000000000222, 0.5500000000000001554 ),
 .UNSPECIFIED. ) 
 CURVE ( )  GEOMETRIC_REPRESENTATION_ITEM ( )  RATIONAL_B_SPLINE_CURVE ( ( 1.000000000000000444, 0.9238795325112861834, 1.000000000000000000, 0.9238795325112867385, 1.000000000000000000, 0.9238795325112867385, 1.000000000000000000, 0.9238795325112864054, 1.000000000000000444 ) ) 
 REPRESENTATION_ITEM ( '' )  );
#1149 = FACE_OUTER_BOUND ( 'NONE', #1322, .T. ) ;
#1150 =( NAMED_UNIT ( * ) SI_UNIT ( $, .STERADIAN. ) SOLID_ANGLE_UNIT ( ) );
#1151 = ORIENTED_EDGE ( 'NONE', *, *, #1010, .F. ) ;
#1152 = AXIS2_PLACEMENT_3D ( 'NONE', #2871, #788, #721 ) ;
#1153 = EDGE_LOOP ( 'NONE', ( #45, #1265 ) ) ;
#1154 = CARTESIAN_POINT ( 'NONE',  ( 1.767766952966372207, 7.650000000000001243, -1.767766952966365546 ) ) ;
#1155 = ORIENTED_EDGE ( 'NONE', *, *, #1685, .T. ) ;
#1156 = CARTESIAN_POINT ( 'NONE',  ( -1.461580736456470131, 9.100000001092473312, -1.461580736456475016 ) ) ;
#1157 = CARTESIAN_POINT ( 'NONE',  ( -1.461580736456470131, 8.300000001092474378, -1.461580736456475016 ) ) ;
#1158 =( NAMED_UNIT ( * ) PLANE_ANGLE_UNIT ( ) SI_UNIT ( $, .RADIAN. ) );
#1159 = CARTESIAN_POINT ( 'NONE',  ( 0.8561741729129487277, 8.950000001092474733, -2.066987299999998751 ) ) ;
#1160 = AXIS2_PLACEMENT_3D ( 'NONE', #1009, #1728, #2669 ) ;
#1161 = CARTESIAN_POINT ( 'NONE',  ( 1.040834085586084257E-14, 0.000000000000000000, 2.919999999999999929 ) ) ;
#1162 = CYLINDRICAL_SURFACE ( 'NONE', #1342, 0.2249999999999995337 ) ;
#1163 = CARTESIAN_POINT ( 'NONE',  ( -2.289806749252027540, 0.5000000000000000000, -4.874801026819437944 ) ) ;
#1164 = CARTESIAN_POINT ( 'NONE',  ( -2.064751801064715231, 0.1000000000000000056, -2.064751801064722336 ) ) ;
#1165 = VERTEX_POINT ( 'NONE', #2167 ) ;
#1166 = CIRCLE ( 'NONE', #422, 0.2249999999999995337 ) ;
#1167 = DIRECTION ( 'NONE',  ( 0.000000000000000000, -1.000000000000000000, 0.000000000000000000 ) ) ;
#1168 = DIRECTION ( 'NONE',  ( 0.000000000000000000, -1.000000000000000000, -0.000000000000000000 ) ) ;
#1169 = ORIENTED_EDGE ( 'NONE', *, *, #220, .T. ) ;
#1170 = CARTESIAN_POINT ( 'NONE',  ( 4.336808689942017736E-15, 7.150000002184950354, -2.500000000000000444 ) ) ;
#1171 = CARTESIAN_POINT ( 'NONE',  ( -1.461580736456470131, 9.900000001092474022, -1.461580736456475016 ) ) ;
#1172 = AXIS2_PLACEMENT_3D ( 'NONE', #2236, #188, #249 ) ;
#1173 = CARTESIAN_POINT ( 'NONE',  ( -0.07915648680155117078, 7.650000000000005684, -2.153125375274136832 ) ) ;
#1174 = EDGE_CURVE ( 'NONE', #2514, #855, #53, .T. ) ;
#1175 = CARTESIAN_POINT ( 'NONE',  ( -1.040834085586084257E-14, 0.000000000000000000, -2.919999999999999929 ) ) ;
#1176 = DIRECTION ( 'NONE',  ( 0.000000000000000000, 1.000000000000000000, 0.000000000000000000 ) ) ;
#1177 = DIRECTION ( 'NONE',  ( 0.000000000000000000, 1.000000000000000000, 0.000000000000000000 ) ) ;
#1178 = CARTESIAN_POINT ( 'NONE',  ( -0.5238528783514558862, 7.650000000000000355, 2.223611564848413824 ) ) ;
#1179 = EDGE_LOOP ( 'NONE', ( #1694, #2947, #2780 ) ) ;
#1180 = CARTESIAN_POINT ( 'NONE',  ( -3.252606517456513302E-15, 9.600000001092475088, 2.066987300000000083 ) ) ;
#1181 = EDGE_CURVE ( 'NONE', #424, #2451, #929, .T. ) ;
#1182 = FACE_OUTER_BOUND ( 'NONE', #1768, .T. ) ;
#1183 = ORIENTED_EDGE ( 'NONE', *, *, #2378, .T. ) ;
#1184 = CARTESIAN_POINT ( 'NONE',  ( -2.066987300000001859, 10.05000000109247615, 0.8561741729129409562 ) ) ;
#1185 = CARTESIAN_POINT ( 'NONE',  ( 1.767766952966366212, 10.05000000218494982, 1.767766952966371763 ) ) ;
#1186 = EDGE_CURVE ( 'NONE', #2255, #2316, #868, .T. ) ;
#1187 =( LENGTH_UNIT ( ) NAMED_UNIT ( * ) SI_UNIT ( .MILLI., .METRE. ) );
#1188 = AXIS2_PLACEMENT_3D ( 'NONE', #908, #2791, #2554 ) ;
#1189 = CARTESIAN_POINT ( 'NONE',  ( 0.000000000000000000, 11.15000000000000213, 0.000000000000000000 ) ) ;
#1190 = UNCERTAINTY_MEASURE_WITH_UNIT (LENGTH_MEASURE( 1.000000000000000082E-05 ), #421, 'distance_accuracy_value', 'NONE');
#1191 = DIRECTION ( 'NONE',  ( 0.7071067811865487940, 0.000000000000000000, -0.7071067811865462405 ) ) ;
#1192 = AXIS2_PLACEMENT_3D ( 'NONE', #1574, #2300, #239 ) ;
#1193 = EDGE_CURVE ( 'NONE', #2569, #1439, #1216, .T. ) ;
#1194 = SURFACE_SIDE_STYLE ('',( #1416 ) ) ;
#1195 = VERTEX_POINT ( 'NONE', #1636 ) ;
#1196 = CARTESIAN_POINT ( 'NONE',  ( 2.066987300000001415, 9.850000001092475088, -0.8561741729129417333 ) ) ;
#1197 = STYLED_ITEM ( 'NONE', ( #261 ), #848 ) ;
#1198 = LINE ( 'NONE', #227, #217 ) ;
#1199 = VERTEX_POINT ( 'NONE', #1620 ) ;
#1200 = CARTESIAN_POINT ( 'NONE',  ( -2.066987299999999639, 10.00000000109247544, -3.252606517456513302E-15 ) ) ;
#1201 = AXIS2_PLACEMENT_3D ( 'NONE', #864, #2069, #185 ) ;
#1202 = CARTESIAN_POINT ( 'NONE',  ( 4.336808689942017736E-15, 11.05000000000000071, -2.500000000000000444 ) ) ;
#1203 = CARTESIAN_POINT ( 'NONE',  ( 0.000000000000000000, 6.650000000000001243, 0.000000000000000000 ) ) ;
#1204 = CARTESIAN_POINT ( 'NONE',  ( -0.8561741729129475065, 10.15000000109247402, 2.066987299999998751 ) ) ;
#1205 = DIRECTION ( 'NONE',  ( 0.000000000000000000, 1.000000000000000000, 0.000000000000000000 ) ) ;
#1206 = AXIS2_PLACEMENT_3D ( 'NONE', #603, #2421, #1252 ) ;
#1207 = FACE_OUTER_BOUND ( 'NONE', #564, .T. ) ;
#1208 = CARTESIAN_POINT ( 'NONE',  ( -1.770464468141619507, 0.5000000000000000000, -4.927560813125293926 ) ) ;
#1209 = VECTOR ( 'NONE', #996, 1000.000000000000000 ) ;
#1210 = EDGE_CURVE ( 'NONE', #2793, #2458, #1166, .T. ) ;
#1211 = ORIENTED_EDGE ( 'NONE', *, *, #357, .T. ) ;
#1212 = CARTESIAN_POINT ( 'NONE',  ( 1.461580736456470353, 9.700000001092474733, 1.461580736456474794 ) ) ;
#1213 = CARTESIAN_POINT ( 'NONE',  ( 2.066987299999998751, 8.750000001092473667, 0.8561741729129487277 ) ) ;
#1214 = EDGE_LOOP ( 'NONE', ( #1892, #1973 ) ) ;
#1215 = CARTESIAN_POINT ( 'NONE',  ( -2.066987299999999639, 10.20000000109247651, -3.252606517456513302E-15 ) ) ;
#1216 = CIRCLE ( 'NONE', #2306, 0.3499999999999998668 ) ;
#1217 =( LENGTH_UNIT ( ) NAMED_UNIT ( * ) SI_UNIT ( .MILLI., .METRE. ) );
#1218 = AXIS2_PLACEMENT_3D ( 'NONE', #740, #981, #1701 ) ;
#1219 = ORIENTED_EDGE ( 'NONE', *, *, #2365, .F. ) ;
#1220 = AXIS2_PLACEMENT_3D ( 'NONE', #1512, #364, #1025 ) ;
#1221 = CIRCLE ( 'NONE', #2952, 0.2249999999999995337 ) ;
#1222 = CARTESIAN_POINT ( 'NONE',  ( 1.767766952966366212, 9.950000000000001066, 1.767766952966371763 ) ) ;
#1223 = CARTESIAN_POINT ( 'NONE',  ( 2.066987299999998751, 10.35000000109247509, 0.8561741729129486167 ) ) ;
#1224 = DIRECTION ( 'NONE',  ( 0.7071067811865482389, 0.000000000000000000, -0.7071067811865469066 ) ) ;
#1225 = CARTESIAN_POINT ( 'NONE',  ( -1.767766952966371763, 8.949999999999999289, 1.767766952966366212 ) ) ;
#1226 = ORIENTED_EDGE ( 'NONE', *, *, #2516, .F. ) ;
#1227 = CARTESIAN_POINT ( 'NONE',  ( 1.461580736456475016, 9.900000001092475799, -1.461580736456470131 ) ) ;
#1228 = CARTESIAN_POINT ( 'NONE',  ( 0.8561741729129487277, 8.150000001092474022, -2.066987299999998751 ) ) ;
#1229 = EDGE_LOOP ( 'NONE', ( #251, #2820 ) ) ;
#1230 = CARTESIAN_POINT ( 'NONE',  ( 0.8561741729129421774, 8.850000001092475088, 2.066987300000001859 ) ) ;
#1231 = CARTESIAN_POINT ( 'NONE',  ( -2.500000000000002220, 10.50000000000000355, 1.035533905932732868 ) ) ;
#1232 = CARTESIAN_POINT ( 'NONE',  ( -0.8561741729129415113, 7.650000001092475799, -2.066987300000001859 ) ) ;
#1233 = EDGE_CURVE ( 'NONE', #1345, #954, #2577, .T. ) ;
#1234 = CARTESIAN_POINT ( 'NONE',  ( 1.767766952966371985, 7.850000002184949643, -1.767766952966365990 ) ) ;
#1235 = CARTESIAN_POINT ( 'NONE',  ( -1.461580736456474794, 8.500000001092473667, 1.461580736456470353 ) ) ;
#1236 = CARTESIAN_POINT ( 'NONE',  ( 1.767766952966371985, 8.650000002184949466, -1.767766952966365990 ) ) ;
#1237 = VECTOR ( 'NONE', #2695, 1000.000000000000114 ) ;
#1238 = FACE_OUTER_BOUND ( 'NONE', #1386, .T. ) ;
#1239 = CYLINDRICAL_SURFACE ( 'NONE', #664, 2.500000000000000444 ) ;
#1240 = CARTESIAN_POINT ( 'NONE',  ( 2.499999999999998668, 9.200000000000001066, 1.035533905932741972 ) ) ;
#1241 = CARTESIAN_POINT ( 'NONE',  ( 0.8561741729129421774, 8.850000001092475088, 2.066987300000001415 ) ) ;
#1242 =( NAMED_UNIT ( * ) PLANE_ANGLE_UNIT ( ) SI_UNIT ( $, .RADIAN. ) );
#1243 = ORIENTED_EDGE ( 'NONE', *, *, #2713, .F. ) ;
#1244 = CARTESIAN_POINT ( 'NONE',  ( -1.461580736456474794, 8.700000001092474733, 1.461580736456470353 ) ) ;
#1245 = CARTESIAN_POINT ( 'NONE',  ( -1.035533905932740861, 10.60000000000000142, 2.499999999999999112 ) ) ;
#1246 = DIRECTION ( 'NONE',  ( 0.7071067811865462405, -0.000000000000000000, 0.7071067811865489050 ) ) ;
#1247 = ORIENTED_EDGE ( 'NONE', *, *, #986, .F. ) ;
#1248 = AXIS2_PLACEMENT_3D ( 'NONE', #223, #2546, #1637 ) ;
#1249 = CARTESIAN_POINT ( 'NONE',  ( -2.066987300000001415, 9.250000001092475443, 0.8561741729129409562 ) ) ;
#1250 = CARTESIAN_POINT ( 'NONE',  ( -2.499999999999999112, 9.700000002184951953, -1.035533905932740639 ) ) ;
#1251 = CARTESIAN_POINT ( 'NONE',  ( 1.767766952966371985, 10.25000000218494911, -1.767766952966365990 ) ) ;
#1252 = DIRECTION ( 'NONE',  ( 0.7071067811865484609, 0.000000000000000000, -0.7071067811865465735 ) ) ;
#1253 = CARTESIAN_POINT ( 'NONE',  ( 1.035533905932733978, 8.400000002184951242, 2.500000000000002220 ) ) ;
#1254 = ORIENTED_EDGE ( 'NONE', *, *, #1634, .T. ) ;
#1255 = CARTESIAN_POINT ( 'NONE',  ( 0.8561741729129487277, 10.75000000109247544, -2.066987299999998751 ) ) ;
#1256 = ORIENTED_EDGE ( 'NONE', *, *, #1955, .T. ) ;
#1257 =( BOUNDED_CURVE ( )  B_SPLINE_CURVE ( 2, ( #1297, #1344, #386, #2254, #826, #2487, #1999, #377, #1285 ),
 .UNSPECIFIED., .F., .T. ) 
 B_SPLINE_CURVE_WITH_KNOTS ( ( 3, 2, 2, 2, 3 ),
 ( 0.1499999999999999667, 0.1750000000000000167, 0.2000000000000001221, 0.2250000000000001721, 0.2500000000000002220 ),
 .UNSPECIFIED. ) 
 CURVE ( )  GEOMETRIC_REPRESENTATION_ITEM ( )  RATIONAL_B_SPLINE_CURVE ( ( 1.000000000000000000, 0.9238795325112866275, 1.000000000000000000, 0.9238795325112867385, 1.000000000000000000, 0.9238795325112867385, 1.000000000000000000, 0.9238795325112860723, 1.000000000000000666 ) ) 
 REPRESENTATION_ITEM ( '' )  );
#1258 = AXIS2_PLACEMENT_3D ( 'NONE', #395, #2275, #173 ) ;
#1259 = CARTESIAN_POINT ( 'NONE',  ( 2.500000000000000444, 9.250000000000000000, 4.119968255444916849E-15 ) ) ;
#1260 = EDGE_CURVE ( 'NONE', #2316, #727, #1656, .T. ) ;
#1261 = CARTESIAN_POINT ( 'NONE',  ( 1.461580736456470353, 7.900000001092474022, 1.461580736456474794 ) ) ;
#1262 = CARTESIAN_POINT ( 'NONE',  ( -1.767766952966365990, 9.650000002184949466, -1.767766952966371985 ) ) ;
#1263 = DIRECTION ( 'NONE',  ( -0.7071067811865463515, 0.000000000000000000, -0.7071067811865487940 ) ) ;
#1264 = AXIS2_PLACEMENT_3D ( 'NONE', #861, #2246, #392 ) ;
#1265 = ORIENTED_EDGE ( 'NONE', *, *, #493, .F. ) ;
#1266 = CARTESIAN_POINT ( 'NONE',  ( 3.288046532517452381, 11.14999999999999858, -3.288046532517440834 ) ) ;
#1267 = TOROIDAL_SURFACE ( 'NONE', #2161, 4.860000000000000320, 0.7500000000000001110 ) ;
#1268 = ORIENTED_EDGE ( 'NONE', *, *, #735, .F. ) ;
#1269 = EDGE_CURVE ( 'NONE', #570, #42, #37, .T. ) ;
#1270 = CARTESIAN_POINT ( 'NONE',  ( -3.252606517456513302E-15, 9.600000001092475088, 2.066987300000000083 ) ) ;
#1271 = CARTESIAN_POINT ( 'NONE',  ( -3.903127820947815962E-15, 8.250000000000000000, 2.500000000000000444 ) ) ;
#1272 = FILL_AREA_STYLE ('',( #208 ) ) ;
#1273 = VERTEX_POINT ( 'NONE', #1812 ) ;
#1274 = CARTESIAN_POINT ( 'NONE',  ( 2.500000000000002220, 9.299999999999998934, -1.035533905932741083 ) ) ;
#1275 = CYLINDRICAL_SURFACE ( 'NONE', #117, 0.2249999999999999223 ) ;
#1276 = CARTESIAN_POINT ( 'NONE',  ( -1.035533905932733534, 9.600000002184950532, -2.500000000000002220 ) ) ;
#1277 = EDGE_CURVE ( 'NONE', #810, #2789, #1079, .T. ) ;
#1278 = CIRCLE ( 'NONE', #34, 0.5600000000000003864 ) ;
#1279 = CARTESIAN_POINT ( 'NONE',  ( -2.934493141924177539, 11.65000000000000036, 2.934493141924168214 ) ) ;
#1280 = DIRECTION ( 'NONE',  ( -0.7071067811865484609, 0.000000000000000000, 0.7071067811865465735 ) ) ;
#1281 = ORIENTED_EDGE ( 'NONE', *, *, #2657, .T. ) ;
#1282 = CARTESIAN_POINT ( 'NONE',  ( -2.064751801064715231, 0.1000000000000000056, -2.064751801064722336 ) ) ;
#1283 = EDGE_CURVE ( 'NONE', #883, #1435, #2739, .T. ) ;
#1284 = CARTESIAN_POINT ( 'NONE',  ( 2.499999999999998668, 9.300000002184951597, 1.035533905932741972 ) ) ;
#1285 = CARTESIAN_POINT ( 'NONE',  ( 1.767766952966371985, 10.14999999999999858, -1.767766952966365990 ) ) ;
#1286 = VERTEX_POINT ( 'NONE', #2034 ) ;
#1287 = DIRECTION ( 'NONE',  ( -0.7071067811865486830, 0.000000000000000000, 0.7071067811865462405 ) ) ;
#1288 = CARTESIAN_POINT ( 'NONE',  ( 4.336808689942017736E-15, 8.650000000000000355, -2.500000000000000444 ) ) ;
#1289 = ORIENTED_EDGE ( 'NONE', *, *, #1269, .F. ) ;
#1290 = DIRECTION ( 'NONE',  ( 0.000000000000000000, -1.000000000000000000, 0.000000000000000000 ) ) ;
#1291 = MECHANICAL_DESIGN_GEOMETRIC_PRESENTATION_REPRESENTATION (  '', ( #1197 ), #2384 ) ;
#1292 = DIRECTION ( 'NONE',  ( 0.000000000000000000, 1.000000000000000000, 0.000000000000000000 ) ) ;
#1293 = PLANE ( 'NONE',  #3040 ) ;
#1294 = LINE ( 'NONE', #2040, #950 ) ;
#1295 = DIRECTION ( 'NONE',  ( 0.7071067811865487940, 0.000000000000000000, -0.7071067811865463515 ) ) ;
#1296 = CARTESIAN_POINT ( 'NONE',  ( 2.500000000000000444, 9.350000002184948755, 4.119968255444916849E-15 ) ) ;
#1297 = CARTESIAN_POINT ( 'NONE',  ( -1.767766952966371763, 10.55000000000000071, 1.767766952966366212 ) ) ;
#1298 = ADVANCED_FACE ( 'NONE', ( #1798 ), #2450, .T. ) ;
#1299 = ORIENTED_EDGE ( 'NONE', *, *, #2512, .F. ) ;
#1300 = ORIENTED_EDGE ( 'NONE', *, *, #2607, .T. ) ;
#1301 = CARTESIAN_POINT ( 'NONE',  ( 0.000000000000000000, 10.07000000000000028, 0.000000000000000000 ) ) ;
#1302 = EDGE_CURVE ( 'NONE', #1647, #1273, #2106, .T. ) ;
#1303 = EDGE_LOOP ( 'NONE', ( #2141, #2980, #2488, #1059 ) ) ;
#1304 = DIRECTION ( 'NONE',  ( 0.000000000000000000, 1.000000000000000000, 0.000000000000000000 ) ) ;
#1305 = CARTESIAN_POINT ( 'NONE',  ( -0.1590990257669628871, 0.000000000000000000, 3.079099025766972364 ) ) ;
#1306 = DIRECTION ( 'NONE',  ( -0.7071067811865482389, 0.000000000000000000, 0.7071067811865467956 ) ) ;
#1307 = EDGE_CURVE ( 'NONE', #954, #670, #2352, .T. ) ;
#1308 = LINE ( 'NONE', #1338, #2606 ) ;
#1309 = AXIS2_PLACEMENT_3D ( 'NONE', #1624, #2972, #2747 ) ;
#1310 = CONICAL_SURFACE ( 'NONE', #1172, 4.150000000000001243, 0.7853981633974457255 ) ;
#1311 = DIRECTION ( 'NONE',  ( 0.000000000000000000, -1.000000000000000000, 0.000000000000000000 ) ) ;
#1312 = DIRECTION ( 'NONE',  ( 0.7071067811865487940, 0.000000000000000000, -0.7071067811865462405 ) ) ;
#1313 = EDGE_LOOP ( 'NONE', ( #934, #2239, #982, #1289 ) ) ;
#1314 = DIRECTION ( 'NONE',  ( 0.000000000000000000, 1.000000000000000000, 0.000000000000000000 ) ) ;
#1315 = CARTESIAN_POINT ( 'NONE',  ( -2.289806749252027540, 0.1000000000000000056, -4.874801026819437944 ) ) ;
#1316 = ADVANCED_FACE ( 'NONE', ( #894 ), #2998, .T. ) ;
#1317 = VERTEX_POINT ( 'NONE', #1837 ) ;
#1318 = CARTESIAN_POINT ( 'NONE',  ( 0.1590990257669837316, -6.399999999999999467, 2.760900974233027494 ) ) ;
#1319 = FACE_OUTER_BOUND ( 'NONE', #1391, .T. ) ;
#1320 = CARTESIAN_POINT ( 'NONE',  ( -1.795201842724648555, 7.650000000000003908, -1.033452060272524564 ) ) ;
#1321 = CARTESIAN_POINT ( 'NONE',  ( 0.000000000000000000, 11.14999999999999858, 0.000000000000000000 ) ) ;
#1322 = EDGE_LOOP ( 'NONE', ( #254, #3007, #1615, #985 ) ) ;
#1323 = CARTESIAN_POINT ( 'NONE',  ( -2.934493141924177539, -8.262823377231841349, 2.934493141924168214 ) ) ;
#1324 = CARTESIAN_POINT ( 'NONE',  ( 2.064751801064715231, 0.000000000000000000, 2.064751801064722336 ) ) ;
#1325 = CARTESIAN_POINT ( 'NONE',  ( -2.064751801064715231, 0.000000000000000000, -2.064751801064722336 ) ) ;
#1326 = MECHANICAL_DESIGN_GEOMETRIC_PRESENTATION_REPRESENTATION (  '', ( #2274 ), #359 ) ;
#1327 = EDGE_LOOP ( 'NONE', ( #1795, #2478 ) ) ;
#1328 = CARTESIAN_POINT ( 'NONE',  ( -1.040834085586084257E-14, 0.000000000000000000, -2.919999999999999929 ) ) ;
#1329 = CARTESIAN_POINT ( 'NONE',  ( -1.767766952966365990, 10.45000000218495018, -1.767766952966371985 ) ) ;
#1330 = CARTESIAN_POINT ( 'NONE',  ( 0.000000000000000000, 0.7500000000000000000, 0.000000000000000000 ) ) ;
#1331 = ORIENTED_EDGE ( 'NONE', *, *, #2512, .T. ) ;
#1332 = CLOSED_SHELL ( 'NONE', ( #2313, #1601, #650, #2424, #1638, #2973 ) ) ;
#1333 = CARTESIAN_POINT ( 'NONE',  ( -1.767766952966365990, 11.15000000000000036, -1.767766952966371985 ) ) ;
#1334 = FACE_OUTER_BOUND ( 'NONE', #2571, .T. ) ;
#1335 =( GEOMETRIC_REPRESENTATION_CONTEXT ( 3 ) GLOBAL_UNCERTAINTY_ASSIGNED_CONTEXT ( ( #722 ) ) GLOBAL_UNIT_ASSIGNED_CONTEXT ( ( #2092, #2581, #2344 ) ) REPRESENTATION_CONTEXT ( 'NONE', 'WORKASPACE' ) );
#1336 = DIRECTION ( 'NONE',  ( 0.000000000000000000, 1.000000000000000000, 0.000000000000000000 ) ) ;
#1337 = CARTESIAN_POINT ( 'NONE',  ( -1.461580736456470131, 10.90000000109247580, -1.461580736456475016 ) ) ;
#1338 = CARTESIAN_POINT ( 'NONE',  ( 3.288046532517452825, 11.65000000000000036, -3.288046532517440390 ) ) ;
#1339 = ORIENTED_EDGE ( 'NONE', *, *, #1755, .F. ) ;
#1340 = CARTESIAN_POINT ( 'NONE',  ( -0.1590990257669627483, -6.399999999999999467, 3.079099025766972808 ) ) ;
#1341 = CARTESIAN_POINT ( 'NONE',  ( -1.767766952966371985, 7.650000000000001243, 1.767766952966365990 ) ) ;
#1342 = AXIS2_PLACEMENT_3D ( 'NONE', #1175, #1622, #1370 ) ;
#1343 = EDGE_CURVE ( 'NONE', #424, #2600, #1757, .T. ) ;
#1344 = CARTESIAN_POINT ( 'NONE',  ( -2.500000000000002220, 10.49999999999999822, 1.035533905932733978 ) ) ;
#1345 = VERTEX_POINT ( 'NONE', #1580 ) ;
#1346 = EDGE_LOOP ( 'NONE', ( #434, #158, #325, #2145 ) ) ;
#1347 = CARTESIAN_POINT ( 'NONE',  ( 1.767766952966371985, 10.25000000218494911, -1.767766952966365990 ) ) ;
#1348 = EDGE_LOOP ( 'NONE', ( #1420, #2484, #1537, #748 ) ) ;
#1349 = CARTESIAN_POINT ( 'NONE',  ( 2.499999999999998668, 7.700000002184948400, 1.035533905932741972 ) ) ;
#1350 = DIRECTION ( 'NONE',  ( 0.7071067811865484609, 0.000000000000000000, -0.7071067811865464625 ) ) ;
#1351 = CARTESIAN_POINT ( 'NONE',  ( 2.484221310661290261, 7.650000000000002132, -0.1886707679706972063 ) ) ;
#1352 = CARTESIAN_POINT ( 'NONE',  ( 2.066987300000001859, 10.65000000109247758, -0.8561741729129417333 ) ) ;
#1353 =( NAMED_UNIT ( * ) PLANE_ANGLE_UNIT ( ) SI_UNIT ( $, .RADIAN. ) );
#1354 = ORIENTED_EDGE ( 'NONE', *, *, #1277, .F. ) ;
#1355 = DIRECTION ( 'NONE',  ( -0.7071067811865486830, 0.000000000000000000, 0.7071067811865462405 ) ) ;
#1356 = VECTOR ( 'NONE', #666, 1000.000000000000000 ) ;
#1357 = CARTESIAN_POINT ( 'NONE',  ( 0.000000000000000000, 0.000000000000000000, 0.000000000000000000 ) ) ;
#1358 = VERTEX_POINT ( 'NONE', #412 ) ;
#1359 = EDGE_LOOP ( 'NONE', ( #2438, #91 ) ) ;
#1360 = DIRECTION ( 'NONE',  ( 0.000000000000000000, -1.000000000000000000, -0.000000000000000000 ) ) ;
#1361 = AXIS2_PLACEMENT_3D ( 'NONE', #409, #891, #847 ) ;
#1362 = EDGE_CURVE ( 'NONE', #366, #781, #2700, .T. ) ;
#1363 = EDGE_LOOP ( 'NONE', ( #58, #354, #1722, #2596 ) ) ;
#1364 = CARTESIAN_POINT ( 'NONE',  ( -1.035533905932740861, 7.500000002184951775, 2.499999999999999112 ) ) ;
#1365 = CARTESIAN_POINT ( 'NONE',  ( 0.8561741729129421774, 10.25000000109247544, 2.066987300000001859 ) ) ;
#1366 = CARTESIAN_POINT ( 'NONE',  ( 1.040834085586084257E-14, 0.000000000000000000, 2.919999999999999929 ) ) ;
#1367 = CARTESIAN_POINT ( 'NONE',  ( 2.066987300000001859, 8.850000001092473312, -0.8561741729129417333 ) ) ;
#1368 = CARTESIAN_POINT ( 'NONE',  ( -2.500000000000002220, 9.800000002184949821, 1.035533905932733978 ) ) ;
#1369 = EDGE_CURVE ( 'NONE', #2539, #2789, #818, .T. ) ;
#1370 = DIRECTION ( 'NONE',  ( -0.7071067811865491270, 0.000000000000000000, 0.7071067811865461294 ) ) ;
#1371 = CARTESIAN_POINT ( 'NONE',  ( 1.461580736456470353, 8.900000001092475799, 1.461580736456474794 ) ) ;
#1372 = CARTESIAN_POINT ( 'NONE',  ( 0.000000000000000000, 11.65000000000000036, 0.000000000000000000 ) ) ;
#1373 = PRESENTATION_STYLE_ASSIGNMENT (( #2566 ) ) ;
#1374 =( BOUNDED_CURVE ( )  B_SPLINE_CURVE ( 2, ( #1234, #318, #2916, #1934, #802 ),
 .UNSPECIFIED., .F., .F. ) 
 B_SPLINE_CURVE_WITH_KNOTS ( ( 3, 2, 3 ),
 ( 0.6499999999999999112, 0.6750000000000000444, 0.7000000005912425660 ),
 .UNSPECIFIED. ) 
 CURVE ( )  GEOMETRIC_REPRESENTATION_ITEM ( )  RATIONAL_B_SPLINE_CURVE ( ( 1.000000000000000444, 0.9238795325112864054, 1.000000000000000000, 0.9238795325112867385, 1.000000000000000000 ) ) 
 REPRESENTATION_ITEM ( '' )  );
#1375 = EDGE_LOOP ( 'NONE', ( #973, #1941, #102, #262 ) ) ;
#1376 = CYLINDRICAL_SURFACE ( 'NONE', #1192, 2.500000000000000444 ) ;
#1377 = DIRECTION ( 'NONE',  ( 0.000000000000000000, -1.000000000000000000, -0.000000000000000000 ) ) ;
#1378 = EDGE_LOOP ( 'NONE', ( #1784, #281, #1736, #1521 ) ) ;
#1379 = CARTESIAN_POINT ( 'NONE',  ( -2.066987300000001859, 9.250000001092473667, 0.8561741729129409562 ) ) ;
#1380 = CARTESIAN_POINT ( 'NONE',  ( 1.461580736456475016, 10.50000000109247367, -1.461580736456470131 ) ) ;
#1381 = CIRCLE ( 'NONE', #1826, 0.7499999999999997780 ) ;
#1382 = CARTESIAN_POINT ( 'NONE',  ( 1.767766952966372207, 7.650000000000001243, -1.767766952966365546 ) ) ;
#1383 = ADVANCED_FACE ( 'NONE', ( #2021 ), #563, .T. ) ;
#1384 = CARTESIAN_POINT ( 'NONE',  ( 0.000000000000000000, 7.650000000000001243, 0.000000000000000000 ) ) ;
#1385 = CYLINDRICAL_SURFACE ( 'NONE', #1559, 0.2250000000000000056 ) ;
#1386 = EDGE_LOOP ( 'NONE', ( #1155, #701, #1495, #2518 ) ) ;
#1387 = CIRCLE ( 'NONE', #1644, 0.2249999999999995060 ) ;
#1388 = ORIENTED_EDGE ( 'NONE', *, *, #2825, .F. ) ;
#1390 = ADVANCED_FACE ( 'NONE', ( #1139 ), #2360, .T. ) ;
#1389 = DIRECTION ( 'NONE',  ( 0.000000000000000000, 1.000000000000000000, 0.000000000000000000 ) ) ;
#1391 = EDGE_LOOP ( 'NONE', ( #1814, #481, #2031, #2703 ) ) ;
#1392 = CARTESIAN_POINT ( 'NONE',  ( 1.461580736456470353, 10.30000000109247438, 1.461580736456474794 ) ) ;
#1393 = CARTESIAN_POINT ( 'NONE',  ( 1.461580736456475016, 9.700000001092472957, -1.461580736456470131 ) ) ;
#1394 = CARTESIAN_POINT ( 'NONE',  ( -2.370986164273955143, 0.1000000000000000056, -4.678816582087982567 ) ) ;
#1395 = CARTESIAN_POINT ( 'NONE',  ( -2.500000000000002220, 9.000000002184949111, 1.035533905932727761 ) ) ;
#1396 = EDGE_CURVE ( 'NONE', #123, #2977, #2740, .T. ) ;
#1397 = FACE_OUTER_BOUND ( 'NONE', #2345, .T. ) ;
#1398 = CARTESIAN_POINT ( 'NONE',  ( -3.903127820947815962E-15, 10.65000000000000036, 2.500000000000000444 ) ) ;
#1399 = CARTESIAN_POINT ( 'NONE',  ( -2.370986164273955143, 0.5000000000000000000, -4.678816582087982567 ) ) ;
#1400 = ORIENTED_EDGE ( 'NONE', *, *, #2748, .T. ) ;
#1401 = CARTESIAN_POINT ( 'NONE',  ( -3.252606517456513302E-15, 10.40000000109247402, 2.066987300000000083 ) ) ;
#1402 = CIRCLE ( 'NONE', #428, 0.2250000000000000056 ) ;
#1403 = EDGE_LOOP ( 'NONE', ( #698, #1256, #378, #272, #2035, #761 ) ) ;
#1404 = CARTESIAN_POINT ( 'NONE',  ( 1.461580736456475016, 10.50000000109247367, -1.461580736456470131 ) ) ;
#1405 = CARTESIAN_POINT ( 'NONE',  ( -0.8561741729129476175, 8.750000001092473667, 2.066987299999999195 ) ) ;
#1406 = CARTESIAN_POINT ( 'NONE',  ( 1.461580736456475016, 8.100000001092475088, -1.461580736456470131 ) ) ;
#1407 = EDGE_CURVE ( 'NONE', #152, #2683, #1484, .T. ) ;
#1408 = CARTESIAN_POINT ( 'NONE',  ( 2.499999999999998668, 10.10000000218495053, 1.035533905932741972 ) ) ;
#1409 = AXIS2_PLACEMENT_3D ( 'NONE', #881, #1860, #2296 ) ;
#1410 = LINE ( 'NONE', #1382, #2965 ) ;
#1411 = EDGE_LOOP ( 'NONE', ( #2321, #1576, #2742, #1134 ) ) ;
#1412 = DIRECTION ( 'NONE',  ( 0.7071067811865487940, 0.000000000000000000, -0.7071067811865462405 ) ) ;
#1413 = B_SPLINE_CURVE_WITH_KNOTS ( 'NONE', 3,
 ( #904, #2110, #11, #1877, #2818, #697, #1641, #250, #1178, #2126, #25, #949, #2831, #1717, #1035, #537, #507, #276 ),
 .UNSPECIFIED., .F., .F.,
 ( 4, 2, 2, 2, 2, 2, 2, 2, 4 ),
 ( 9.839618562229960878E-16, 0.0005608035638260089025, 0.001121607127651034000, 0.001682410691476058989, 0.002243214255301084412, 0.002804017819126109617, 0.003364821382951135257, 0.003925624946776160029, 0.004486428510601185235 ),
 .UNSPECIFIED. ) ;
#1414 = FACE_OUTER_BOUND ( 'NONE', #2716, .T. ) ;
#1415 = DIRECTION ( 'NONE',  ( 0.9238795325112846291, 0.000000000000000000, -0.3826834323650946112 ) ) ;
#1416 = SURFACE_STYLE_FILL_AREA ( #668 ) ;
#1417 = VERTEX_POINT ( 'NONE', #2105 ) ;
#1418 = CARTESIAN_POINT ( 'NONE',  ( 0.8561741729129421774, 8.050000001092476154, 2.066987300000001415 ) ) ;
#1419 =( GEOMETRIC_REPRESENTATION_CONTEXT ( 3 ) GLOBAL_UNCERTAINTY_ASSIGNED_CONTEXT ( ( #1190 ) ) GLOBAL_UNIT_ASSIGNED_CONTEXT ( ( #421, #1242, #632 ) ) REPRESENTATION_CONTEXT ( 'NONE', 'WORKASPACE' ) );
#1420 = ORIENTED_EDGE ( 'NONE', *, *, #2969, .F. ) ;
#1421 = CARTESIAN_POINT ( 'NONE',  ( -1.461580736456474794, 9.300000001092474378, 1.461580736456470353 ) ) ;
#1422 = AXIS2_PLACEMENT_3D ( 'NONE', #212, #2777, #3006 ) ;
#1423 = DIRECTION ( 'NONE',  ( 0.7071067811865491270, 0.000000000000000000, -0.7071067811865461294 ) ) ;
#1424 = ORIENTED_EDGE ( 'NONE', *, *, #1433, .T. ) ;
#1425 = CIRCLE ( 'NONE', #1572, 4.650000000000001243 ) ;
#1426 = DIRECTION ( 'NONE',  ( 0.7071067811865484609, 0.000000000000000000, -0.7071067811865464625 ) ) ;
#1427 = CARTESIAN_POINT ( 'NONE',  ( 0.8561741729129486167, 8.150000001092474022, -2.066987299999998751 ) ) ;
#1428 = UNCERTAINTY_MEASURE_WITH_UNIT (LENGTH_MEASURE( 1.000000000000000082E-05 ), #1513, 'distance_accuracy_value', 'NONE');
#1429 = LINE ( 'NONE', #2173, #293 ) ;
#1430 = ORIENTED_EDGE ( 'NONE', *, *, #367, .T. ) ;
#1431 = CARTESIAN_POINT ( 'NONE',  ( 2.066987300000001415, 8.250000001092475443, -0.8561741729129417333 ) ) ;
#1432 = AXIS2_PLACEMENT_3D ( 'NONE', #1530, #151, #1076 ) ;
#1433 = EDGE_CURVE ( 'NONE', #784, #1199, #1621, .T. ) ;
#1434 = DIRECTION ( 'NONE',  ( -0.7071067811865487940, 0.000000000000000000, 0.7071067811865463515 ) ) ;
#1435 = VERTEX_POINT ( 'NONE', #6 ) ;
#1436 = CARTESIAN_POINT ( 'NONE',  ( -1.461580736456474794, 8.700000001092474733, 1.461580736456470353 ) ) ;
#1437 = CARTESIAN_POINT ( 'NONE',  ( -1.461580736456470131, 9.300000001092474378, -1.461580736456475016 ) ) ;
#1438 = CARTESIAN_POINT ( 'NONE',  ( 0.000000000000000000, 10.07000000000000028, 0.000000000000000000 ) ) ;
#1439 = VERTEX_POINT ( 'NONE', #1889 ) ;
#1440 = CARTESIAN_POINT ( 'NONE',  ( 1.461580736456475016, 8.900000001092475799, -1.461580736456470131 ) ) ;
#1441 = CARTESIAN_POINT ( 'NONE',  ( -1.035533905932740861, 8.300000002184948045, 2.499999999999999112 ) ) ;
#1442 = FACE_OUTER_BOUND ( 'NONE', #2256, .T. ) ;
#1443 = VECTOR ( 'NONE', #1068, 1000.000000000000000 ) ;
#1444 = FACE_OUTER_BOUND ( 'NONE', #2568, .T. ) ;
#1445 = CYLINDRICAL_SURFACE ( 'NONE', #2285, 0.1499999999999991340 ) ;
#1446 = ORIENTED_EDGE ( 'NONE', *, *, #1407, .F. ) ;
#1447 = CARTESIAN_POINT ( 'NONE',  ( -1.170854245699178842, 7.675989153815264920, -1.752307227213765195 ) ) ;
#1448 = ADVANCED_FACE ( 'NONE', ( #1414 ), #1916, .F. ) ;
#1449 = CARTESIAN_POINT ( 'NONE',  ( -2.066987299999999639, 8.400000001092474022, -3.252606517456513302E-15 ) ) ;
#1450 = ORIENTED_EDGE ( 'NONE', *, *, #1071, .T. ) ;
#1451 = CARTESIAN_POINT ( 'NONE',  ( 0.8561741729129487277, 9.150000001092475799, -2.066987299999998751 ) ) ;
#1452 =( BOUNDED_CURVE ( )  B_SPLINE_CURVE ( 2, ( #1585, #1395, #2591, #705, #917, #1651, #1146, #2138, #39 ),
 .UNSPECIFIED., .F., .F. ) 
 B_SPLINE_CURVE_WITH_KNOTS ( ( 3, 2, 2, 2, 3 ),
 ( 0.3500000000000000888, 0.3750000000000000555, 0.4000000000000000222, 0.4249999999999998779, 0.4499999999999998446 ),
 .UNSPECIFIED. ) 
 CURVE ( )  GEOMETRIC_REPRESENTATION_ITEM ( )  RATIONAL_B_SPLINE_CURVE ( ( 0.9999999999999996669, 0.9238795325112870716, 1.000000000000000000, 0.9238795325112867385, 1.000000000000000000, 0.9238795325112867385, 1.000000000000000000, 0.9238795325112872936, 0.9999999999999994449 ) ) 
 REPRESENTATION_ITEM ( '' )  );
#1453 = CARTESIAN_POINT ( 'NONE',  ( 0.1590990257669629149, 0.000000000000000000, -3.079099025766972364 ) ) ;
#1454 = CIRCLE ( 'NONE', #776, 0.2249999999999999223 ) ;
#1455 = ORIENTED_EDGE ( 'NONE', *, *, #410, .T. ) ;
#1456 = DIRECTION ( 'NONE',  ( 0.000000000000000000, 1.000000000000000000, 0.000000000000000000 ) ) ;
#1457 = AXIS2_PLACEMENT_3D ( 'NONE', #1324, #1088, #2942 ) ;
#1458 = CARTESIAN_POINT ( 'NONE',  ( -3.252606517456513302E-15, 9.400000001092474022, 2.066987300000000083 ) ) ;
#1459 = CARTESIAN_POINT ( 'NONE',  ( 1.767766952966366212, 10.05000000218494982, 1.767766952966371763 ) ) ;
#1460 = DIRECTION ( 'NONE',  ( -0.7071067811865487940, 0.000000000000000000, 0.7071067811865463515 ) ) ;
#1461 = CARTESIAN_POINT ( 'NONE',  ( 1.035533905932747967, 11.00000000000000000, -2.499999999999998224 ) ) ;
#1462 = CARTESIAN_POINT ( 'NONE',  ( 0.8561741729129421774, 10.45000000109247473, 2.066987300000001859 ) ) ;
#1463 = CARTESIAN_POINT ( 'NONE',  ( 1.767766952966371985, 9.350000000000001421, -1.767766952966365990 ) ) ;
#1464 = CARTESIAN_POINT ( 'NONE',  ( -2.066987300000001415, 8.650000001092475799, 0.8561741729129409562 ) ) ;
#1465 = ORIENTED_EDGE ( 'NONE', *, *, #449, .T. ) ;
#1466 = CARTESIAN_POINT ( 'NONE',  ( -3.252606517456513302E-15, 8.800000001092476154, 2.066987300000000083 ) ) ;
#1467 = DIRECTION ( 'NONE',  ( 0.7071067811865463515, 0.000000000000000000, 0.7071067811865487940 ) ) ;
#1468 = ORIENTED_EDGE ( 'NONE', *, *, #1857, .F. ) ;
#1469 = DIRECTION ( 'NONE',  ( 0.3826834323650948888, 0.000000000000000000, 0.9238795325112846291 ) ) ;
#1470 = CARTESIAN_POINT ( 'NONE',  ( 3.288046532517453713, 11.65000000000000036, -3.288046532517440834 ) ) ;
#1471 = CARTESIAN_POINT ( 'NONE',  ( -1.461580736456470131, 9.100000001092473312, -1.461580736456475016 ) ) ;
#1472 = CIRCLE ( 'NONE', #1822, 4.570000000000001172 ) ;
#1473 = CARTESIAN_POINT ( 'NONE',  ( -1.767766952966365990, 7.950000000000000178, -1.767766952966371985 ) ) ;
#1474 = DIRECTION ( 'NONE',  ( 0.7071067811865487940, 0.000000000000000000, -0.7071067811865463515 ) ) ;
#1475 = CARTESIAN_POINT ( 'NONE',  ( 1.035533905932733978, 9.100000000000001421, 2.500000000000002220 ) ) ;
#1476 = LINE ( 'NONE', #790, #129 ) ;
#1477 = ORIENTED_EDGE ( 'NONE', *, *, #2825, .T. ) ;
#1478 = CARTESIAN_POINT ( 'NONE',  ( 2.500000000000000444, 8.550000002184948045, 4.119968255444916849E-15 ) ) ;
#1479 = ORIENTED_EDGE ( 'NONE', *, *, #2850, .F. ) ;
#1480 = ADVANCED_FACE ( 'NONE', ( #2087 ), #3, .T. ) ;
#1481 = CARTESIAN_POINT ( 'NONE',  ( 1.461580736456470353, 9.700000001092474733, 1.461580736456474794 ) ) ;
#1482 = DIRECTION ( 'NONE',  ( 0.000000000000000000, -1.000000000000000000, 0.000000000000000000 ) ) ;
#1483 = VERTEX_POINT ( 'NONE', #928 ) ;
#1484 = CIRCLE ( 'NONE', #2827, 0.1499999999999991340 ) ;
#1485 = DIRECTION ( 'NONE',  ( 0.6123724356957945814, 0.4999999999999975575, 0.6123724356957965798 ) ) ;
#1486 = CARTESIAN_POINT ( 'NONE',  ( 2.066987300000001415, 8.050000001092476154, -0.8561741729129417333 ) ) ;
#1487 = CARTESIAN_POINT ( 'NONE',  ( 1.035533905932741972, 7.900000002184950354, -2.499999999999998668 ) ) ;
#1488 = PRESENTATION_STYLE_ASSIGNMENT (( #2856 ) ) ;
#1489 = DIRECTION ( 'NONE',  ( 0.000000000000000000, -1.000000000000000000, 0.000000000000000000 ) ) ;
#1490 = EDGE_CURVE ( 'NONE', #1910, #671, #2874, .T. ) ;
#1491 = CARTESIAN_POINT ( 'NONE',  ( -2.064751801064715231, -6.399999999999999467, -2.064751801064722336 ) ) ;
#1492 = CARTESIAN_POINT ( 'NONE',  ( 1.767766952966366212, 9.250000002184949111, 1.767766952966371763 ) ) ;
#1493 = ORIENTED_EDGE ( 'NONE', *, *, #1724, .T. ) ;
#1494 = CARTESIAN_POINT ( 'NONE',  ( 2.066987299999998751, 8.150000001092474022, 0.8561741729129487277 ) ) ;
#1495 = ORIENTED_EDGE ( 'NONE', *, *, #1866, .F. ) ;
#1496 = EDGE_CURVE ( 'NONE', #577, #1345, #1387, .T. ) ;
#1497 = CARTESIAN_POINT ( 'NONE',  ( -1.461580736456470131, 7.500000001092475443, -1.461580736456475016 ) ) ;
#1498 = EDGE_CURVE ( 'NONE', #1831, #1647, #179, .T. ) ;
#1499 = CARTESIAN_POINT ( 'NONE',  ( 0.000000000000000000, 10.79000000000000092, 0.000000000000000000 ) ) ;
#1500 = EDGE_LOOP ( 'NONE', ( #1511, #2963 ) ) ;
#1501 = AXIS2_PLACEMENT_3D ( 'NONE', #445, #1680, #2799 ) ;
#1502 = CARTESIAN_POINT ( 'NONE',  ( -1.767766952966365990, 7.950000000000000178, -1.767766952966371985 ) ) ;
#1503 = PLANE ( 'NONE',  #1629 ) ;
#1504 = CARTESIAN_POINT ( 'NONE',  ( 2.500000000000002220, 8.600000002184950532, -1.035533905932733534 ) ) ;
#1505 = EDGE_CURVE ( 'NONE', #2458, #1598, #1817, .T. ) ;
#1506 = AXIS2_PLACEMENT_3D ( 'NONE', #113, #149, #351 ) ;
#1507 = DIRECTION ( 'NONE',  ( -0.3826834323650937231, 0.000000000000000000, -0.9238795325112850731 ) ) ;
#1508 = CIRCLE ( 'NONE', #2564, 0.5600000000000003864 ) ;
#1509 = DIRECTION ( 'NONE',  ( 0.000000000000000000, -1.000000000000000000, -0.000000000000000000 ) ) ;
#1510 = AXIS2_PLACEMENT_3D ( 'NONE', #447, #1570, #224 ) ;
#1511 = ORIENTED_EDGE ( 'NONE', *, *, #829, .F. ) ;
#1512 = CARTESIAN_POINT ( 'NONE',  ( 0.000000000000000000, 11.15000000000000213, 0.000000000000000000 ) ) ;
#1513 =( LENGTH_UNIT ( ) NAMED_UNIT ( * ) SI_UNIT ( .MILLI., .METRE. ) );
#1514 = CARTESIAN_POINT ( 'NONE',  ( 2.066987299999999639, 9.800000001092474378, 3.252606517456513302E-15 ) ) ;
#1515 = DIRECTION ( 'NONE',  ( 0.7071067811865486830, 0.000000000000000000, -0.7071067811865462405 ) ) ;
#1516 = AXIS2_PLACEMENT_3D ( 'NONE', #1372, #206, #3019 ) ;
#1517 = ORIENTED_EDGE ( 'NONE', *, *, #2408, .T. ) ;
#1518 = CARTESIAN_POINT ( 'NONE',  ( -0.8561741729129476175, 7.950000001092476509, 2.066987299999999195 ) ) ;
#1519 = ORIENTED_EDGE ( 'NONE', *, *, #1755, .T. ) ;
#1520 = DIRECTION ( 'NONE',  ( 0.000000000000000000, 1.000000000000000000, 0.000000000000000000 ) ) ;
#1521 = ORIENTED_EDGE ( 'NONE', *, *, #357, .F. ) ;
#1522 = FACE_OUTER_BOUND ( 'NONE', #105, .T. ) ;
#1523 = FACE_OUTER_BOUND ( 'NONE', #3028, .T. ) ;
#1524 = DIRECTION ( 'NONE',  ( 0.7071067811865486830, 0.000000000000000000, -0.7071067811865464625 ) ) ;
#1525 = CARTESIAN_POINT ( 'NONE',  ( 2.064751801064715231, -6.399999999999999467, 2.064751801064722336 ) ) ;
#1526 = ADVANCED_FACE ( 'NONE', ( #202 ), #897, .T. ) ;
#1527 = CIRCLE ( 'NONE', #995, 4.150000000000001243 ) ;
#1528 = EDGE_CURVE ( 'NONE', #2226, #2616, #2193, .T. ) ;
#1529 = LINE ( 'NONE', #2733, #2160 ) ;
#1530 = CARTESIAN_POINT ( 'NONE',  ( 0.000000000000000000, 0.8699999999999998845, 0.000000000000000000 ) ) ;
#1531 = ORIENTED_EDGE ( 'NONE', *, *, #946, .F. ) ;
#1532 = VERTEX_POINT ( 'NONE', #2773 ) ;
#1533 = CYLINDRICAL_SURFACE ( 'NONE', #104, 2.500000000000000444 ) ;
#1534 = CARTESIAN_POINT ( 'NONE',  ( -2.500000000000000444, 8.050000000000000711, -3.686287386450715076E-15 ) ) ;
#1535 = CARTESIAN_POINT ( 'NONE',  ( -1.961741039071072334, 7.649999999999999467, -0.6650219646032524690 ) ) ;
#1536 = CARTESIAN_POINT ( 'NONE',  ( 0.000000000000000000, 0.8699999999999998845, 0.000000000000000000 ) ) ;
#1537 = ORIENTED_EDGE ( 'NONE', *, *, #2550, .T. ) ;
#1538 = LINE ( 'NONE', #2493, #479 ) ;
#1539 = LINE ( 'NONE', #1789, #1237 ) ;
#1540 = CARTESIAN_POINT ( 'NONE',  ( -1.043265454851324048, 7.650000000000003020, -1.805156233539859212 ) ) ;
#1541 = AXIS2_PLACEMENT_3D ( 'NONE', #2526, #2054, #1583 ) ;
#1542 = CARTESIAN_POINT ( 'NONE',  ( -1.767766952966365990, 9.549999999999998934, -1.767766952966371985 ) ) ;
#1543 = ORIENTED_EDGE ( 'NONE', *, *, #2195, .F. ) ;
#1544 = DIRECTION ( 'NONE',  ( 0.000000000000000000, 1.000000000000000000, 0.000000000000000000 ) ) ;
#1545 = ADVANCED_FACE ( 'NONE', ( #2544 ), #2735, .F. ) ;
#1546 = FILL_AREA_STYLE ('',( #615 ) ) ;
#1547 = CARTESIAN_POINT ( 'NONE',  ( -3.252606517456513302E-15, 9.600000001092475088, 2.066987300000000083 ) ) ;
#1548 = CARTESIAN_POINT ( 'NONE',  ( -2.223850826831688554, 0.000000000000000000, -1.905652775297749457 ) ) ;
#1549 = ORIENTED_EDGE ( 'NONE', *, *, #627, .F. ) ;
#1550 = DIRECTION ( 'NONE',  ( 0.7071067811865487940, 0.000000000000000000, -0.7071067811865463515 ) ) ;
#1551 = ADVANCED_FACE ( 'NONE', ( #2654 ), #1918, .F. ) ;
#1552 = ORIENTED_EDGE ( 'NONE', *, *, #2873, .F. ) ;
#1553 = DIRECTION ( 'NONE',  ( 0.7071067811865484609, 0.000000000000000000, -0.7071067811865465735 ) ) ;
#1554 = CARTESIAN_POINT ( 'NONE',  ( 0.000000000000000000, 11.65000000000000036, 0.000000000000000000 ) ) ;
#1555 = AXIS2_PLACEMENT_3D ( 'NONE', #146, #2542, #1306 ) ;
#1556 = DIRECTION ( 'NONE',  ( -0.7071067811865487940, 0.000000000000000000, 0.7071067811865463515 ) ) ;
#1557 = EDGE_LOOP ( 'NONE', ( #542, #599 ) ) ;
#1558 = CYLINDRICAL_SURFACE ( 'NONE', #297, 0.2250000000000000056 ) ;
#1559 = AXIS2_PLACEMENT_3D ( 'NONE', #1115, #2041, #684 ) ;
#1560 =( NAMED_UNIT ( * ) SI_UNIT ( $, .STERADIAN. ) SOLID_ANGLE_UNIT ( ) );
#1561 = ORIENTED_EDGE ( 'NONE', *, *, #19, .T. ) ;
#1562 = CARTESIAN_POINT ( 'NONE',  ( 1.035533905932747967, 10.30000000218494804, -2.499999999999998224 ) ) ;
#1563 = CARTESIAN_POINT ( 'NONE',  ( -2.067059770835199650, 7.650000000000000355, -0.1348184704662892530 ) ) ;
#1564 = ORIENTED_EDGE ( 'NONE', *, *, #1938, .F. ) ;
#1565 = DIRECTION ( 'NONE',  ( 0.7071067811865487940, 0.000000000000000000, -0.7071067811865463515 ) ) ;
#1566 = CARTESIAN_POINT ( 'NONE',  ( 0.000000000000000000, 11.65000000000000036, 0.000000000000000000 ) ) ;
#1567 = DIRECTION ( 'NONE',  ( 0.000000000000000000, 1.000000000000000000, 0.000000000000000000 ) ) ;
#1568 = CARTESIAN_POINT ( 'NONE',  ( 1.767766952966371985, 10.14999999999999858, -1.767766952966365990 ) ) ;
#1569 = ORIENTED_EDGE ( 'NONE', *, *, #1277, .T. ) ;
#1570 = DIRECTION ( 'NONE',  ( 0.000000000000000000, 1.000000000000000000, 0.000000000000000000 ) ) ;
#1571 = LINE ( 'NONE', #2060, #1738 ) ;
#1572 = AXIS2_PLACEMENT_3D ( 'NONE', #1107, #192, #1287 ) ;
#1573 = ORIENTED_EDGE ( 'NONE', *, *, #235, .T. ) ;
#1574 = CARTESIAN_POINT ( 'NONE',  ( 0.000000000000000000, 7.650000000000001243, 0.000000000000000000 ) ) ;
#1575 = PLANE ( 'NONE',  #877 ) ;
#1576 = ORIENTED_EDGE ( 'NONE', *, *, #2858, .T. ) ;
#1577 = AXIS2_PLACEMENT_3D ( 'NONE', #1328, #1167, #1880 ) ;
#1578 = LINE ( 'NONE', #2743, #57 ) ;
#1579 = SURFACE_SIDE_STYLE ('',( #643 ) ) ;
#1580 = CARTESIAN_POINT ( 'NONE',  ( 0.1590990257669627483, -6.399999999999999467, -3.079099025766972364 ) ) ;
#1581 = PRESENTATION_LAYER_ASSIGNMENT (  '', '', ( #397 ) ) ;
#1582 = AXIS2_PLACEMENT_3D ( 'NONE', #2220, #2927, #1751 ) ;
#1583 = DIRECTION ( 'NONE',  ( 0.7071067811865486830, 0.000000000000000000, -0.7071067811865462405 ) ) ;
#1584 = DIRECTION ( 'NONE',  ( 0.000000000000000000, -1.000000000000000000, 0.000000000000000000 ) ) ;
#1585 = CARTESIAN_POINT ( 'NONE',  ( -1.767766952966371763, 9.050000002184949821, 1.767766952966366212 ) ) ;
#1586 = CARTESIAN_POINT ( 'NONE',  ( 0.8561741729129487277, 9.150000001092475799, -2.066987299999998751 ) ) ;
#1587 = CARTESIAN_POINT ( 'NONE',  ( 4.336808689942017736E-15, 10.25000000000000000, -2.500000000000000444 ) ) ;
#1588 = ORIENTED_EDGE ( 'NONE', *, *, #1855, .F. ) ;
#1589 = CARTESIAN_POINT ( 'NONE',  ( -2.500000000000002220, 8.200000002184948400, 1.035533905932727761 ) ) ;
#1590 = PRESENTATION_LAYER_ASSIGNMENT (  '', '', ( #956 ) ) ;
#1591 = ADVANCED_FACE ( 'NONE', ( #274 ), #321, .F. ) ;
#1592 = FACE_OUTER_BOUND ( 'NONE', #834, .T. ) ;
#1593 =( BOUNDED_CURVE ( )  B_SPLINE_CURVE ( 2, ( #2264, #164, #791, #2218, #1952, #326, #2924, #1733, #2890 ),
 .UNSPECIFIED., .F., .T. ) 
 B_SPLINE_CURVE_WITH_KNOTS ( ( 3, 2, 2, 2, 3 ),
 ( 0.5500000000000001554, 0.5749999999999999556, 0.5999999999999999778, 0.6250000000000000000, 0.6499999999999999112 ),
 .UNSPECIFIED. ) 
 CURVE ( )  GEOMETRIC_REPRESENTATION_ITEM ( )  RATIONAL_B_SPLINE_CURVE ( ( 0.9999999999999996669, 0.9238795325112870716, 1.000000000000000000, 0.9238795325112867385, 1.000000000000000000, 0.9238795325112867385, 1.000000000000000000, 0.9238795325112870716, 0.9999999999999996669 ) ) 
 REPRESENTATION_ITEM ( '' )  );
#1594 = ORIENTED_EDGE ( 'NONE', *, *, #2829, .F. ) ;
#1595 = CARTESIAN_POINT ( 'NONE',  ( 1.767766952966371985, 7.750000000000000888, -1.767766952966365990 ) ) ;
#1596 = FACE_OUTER_BOUND ( 'NONE', #757, .T. ) ;
#1597 = CARTESIAN_POINT ( 'NONE',  ( -2.064751801064715231, 0.1000000000000000056, -2.064751801064722336 ) ) ;
#1598 = VERTEX_POINT ( 'NONE', #2624 ) ;
#1599 = CARTESIAN_POINT ( 'NONE',  ( -3.903127820947815962E-15, 7.550000002184950709, 2.500000000000000444 ) ) ;
#1600 = CARTESIAN_POINT ( 'NONE',  ( 0.000000000000000000, 0.1000000000000000056, 0.000000000000000000 ) ) ;
#1601 = ADVANCED_FACE ( 'NONE', ( #1238 ), #979, .F. ) ;
#1602 = CIRCLE ( 'NONE', #144, 0.2249999999999995337 ) ;
#1603 = CARTESIAN_POINT ( 'NONE',  ( 2.054122290468170409, 7.649999999999999467, -1.218761725175228294 ) ) ;
#1604 = CARTESIAN_POINT ( 'NONE',  ( -2.066987300000001859, 7.650000001092474022, 0.8561741729129409562 ) ) ;
#1605 = ADVANCED_FACE ( 'NONE', ( #289 ), #2171, .F. ) ;
#1606 = CARTESIAN_POINT ( 'NONE',  ( -1.767766952966371763, 9.850000002184948755, 1.767766952966366212 ) ) ;
#1607 = CARTESIAN_POINT ( 'NONE',  ( 1.767766952966366212, 10.75000000000000000, 1.767766952966371763 ) ) ;
#1608 = CIRCLE ( 'NONE', #193, 0.2250000000000000056 ) ;
#1609 = SURFACE_STYLE_FILL_AREA ( #2609 ) ;
#1610 = AXIS2_PLACEMENT_3D ( 'NONE', #2843, #2655, #54 ) ;
#1611 = EDGE_LOOP ( 'NONE', ( #778, #2023, #2533, #1954 ) ) ;
#1612 = VERTEX_POINT ( 'NONE', #521 ) ;
#1613 = AXIS2_PLACEMENT_3D ( 'NONE', #821, #133, #1295 ) ;
#1614 = VECTOR ( 'NONE', #2500, 1000.000000000000000 ) ;
#1615 = ORIENTED_EDGE ( 'NONE', *, *, #1269, .T. ) ;
#1616 = CARTESIAN_POINT ( 'NONE',  ( 2.066987300000001859, 10.45000000109247473, -0.8561741729129417333 ) ) ;
#1617 = CARTESIAN_POINT ( 'NONE',  ( -2.066987299999999195, 9.950000001092474733, -0.8561741729129475065 ) ) ;
#1618 = PRESENTATION_STYLE_ASSIGNMENT (( #2603 ) ) ;
#1619 = CARTESIAN_POINT ( 'NONE',  ( -0.8561741729129415113, 8.250000001092473667, -2.066987300000001859 ) ) ;
#1620 = CARTESIAN_POINT ( 'NONE',  ( -3.231477990022528335, 0.1000000000000000056, 3.231477990022518565 ) ) ;
#1621 = LINE ( 'NONE', #2828, #1005 ) ;
#1622 = DIRECTION ( 'NONE',  ( 0.000000000000000000, 1.000000000000000000, 0.000000000000000000 ) ) ;
#1623 = EDGE_CURVE ( 'NONE', #286, #594, #853, .T. ) ;
#1624 = CARTESIAN_POINT ( 'NONE',  ( 0.000000000000000000, 6.650000000000001243, 0.000000000000000000 ) ) ;
#1625 = DIRECTION ( 'NONE',  ( 0.000000000000000000, 1.000000000000000000, 0.000000000000000000 ) ) ;
#1626 = ORIENTED_EDGE ( 'NONE', *, *, #291, .F. ) ;
#1627 = ORIENTED_EDGE ( 'NONE', *, *, #243, .T. ) ;
#1628 = CARTESIAN_POINT ( 'NONE',  ( 1.040834085586084257E-14, 0.1000000000000000056, 2.919999999999999929 ) ) ;
#1629 = AXIS2_PLACEMENT_3D ( 'NONE', #2461, #815, #347 ) ;
#1630 = ORIENTED_EDGE ( 'NONE', *, *, #958, .T. ) ;
#1631 = CARTESIAN_POINT ( 'NONE',  ( -0.8561741729129415113, 10.65000000109247758, -2.066987300000001859 ) ) ;
#1632 = CARTESIAN_POINT ( 'NONE',  ( -1.461580736456474794, 10.10000000109247509, 1.461580736456470353 ) ) ;
#1633 = CIRCLE ( 'NONE', #1679, 4.110000000000001208 ) ;
#1634 = EDGE_CURVE ( 'NONE', #1809, #2267, #116, .T. ) ;
#1635 = SURFACE_SIDE_STYLE ('',( #941 ) ) ;
#1636 = CARTESIAN_POINT ( 'NONE',  ( 3.288046532517452825, 10.79000000000000092, -3.288046532517440390 ) ) ;
#1637 = DIRECTION ( 'NONE',  ( -0.7071067811865487940, 0.000000000000000000, 0.7071067811865463515 ) ) ;
#1638 = ADVANCED_FACE ( 'NONE', ( #2326 ), #1162, .F. ) ;
#1639 = DIRECTION ( 'NONE',  ( 0.000000000000000000, -1.000000000000000000, -0.000000000000000000 ) ) ;
#1640 = DIRECTION ( 'NONE',  ( 0.000000000000000000, -1.000000000000000000, 0.000000000000000000 ) ) ;
#1641 = CARTESIAN_POINT ( 'NONE',  ( -1.029641476408507783, 7.650000000000001243, 1.976093766406572749 ) ) ;
#1642 = EDGE_CURVE ( 'NONE', #1988, #1063, #2686, .T. ) ;
#1643 = EDGE_LOOP ( 'NONE', ( #301, #2425 ) ) ;
#1644 = AXIS2_PLACEMENT_3D ( 'NONE', #2392, #3014, #3000 ) ;
#1645 = DIRECTION ( 'NONE',  ( 0.000000000000000000, -1.000000000000000000, 0.000000000000000000 ) ) ;
#1646 = CARTESIAN_POINT ( 'NONE',  ( -1.767766952966371763, 10.55000000000000071, 1.767766952966366212 ) ) ;
#1647 = VERTEX_POINT ( 'NONE', #7 ) ;
#1648 = CARTESIAN_POINT ( 'NONE',  ( 1.461580736456475016, 9.700000001092472957, -1.461580736456470131 ) ) ;
#1649 = CARTESIAN_POINT ( 'NONE',  ( 2.066987299999999639, 9.600000001092475088, 3.252606517456513302E-15 ) ) ;
#1650 = FILL_AREA_STYLE ('',( #691 ) ) ;
#1651 = CARTESIAN_POINT ( 'NONE',  ( -1.035533905932733534, 8.800000002184949821, -2.500000000000002220 ) ) ;
#1652 = LINE ( 'NONE', #755, #1862 ) ;
#1653 = FACE_BOUND ( 'NONE', #1557, .T. ) ;
#1654 = UNCERTAINTY_MEASURE_WITH_UNIT (LENGTH_MEASURE( 1.000000000000000082E-05 ), #747, 'distance_accuracy_value', 'NONE');
#1655 = ORIENTED_EDGE ( 'NONE', *, *, #1004, .T. ) ;
#1656 = CIRCLE ( 'NONE', #1017, 2.500000000000000444 ) ;
#1657 = CARTESIAN_POINT ( 'NONE',  ( -1.461580736456470131, 9.300000001092474378, -1.461580736456475016 ) ) ;
#1658 = AXIS2_PLACEMENT_3D ( 'NONE', #1030, #381, #1773 ) ;
#1659 = ORIENTED_EDGE ( 'NONE', *, *, #751, .T. ) ;
#1660 = CARTESIAN_POINT ( 'NONE',  ( -1.461580736456470131, 10.70000000109247473, -1.461580736456475016 ) ) ;
#1661 = MECHANICAL_DESIGN_GEOMETRIC_PRESENTATION_REPRESENTATION (  '', ( #2089 ), #622 ) ;
#1662 = CARTESIAN_POINT ( 'NONE',  ( -1.767766952966365990, 11.15000000000000036, -1.767766952966371985 ) ) ;
#1663 = DIRECTION ( 'NONE',  ( 0.000000000000000000, 1.000000000000000000, 0.000000000000000000 ) ) ;
#1664 = CARTESIAN_POINT ( 'NONE',  ( -3.252606517456513302E-15, 8.000000001092475443, 2.066987300000000083 ) ) ;
#1665 = DIRECTION ( 'NONE',  ( 0.000000000000000000, -1.000000000000000000, 0.000000000000000000 ) ) ;
#1666 = CARTESIAN_POINT ( 'NONE',  ( 0.8561741729129421774, 9.450000001092474733, 2.066987300000001415 ) ) ;
#1667 = AXIS2_PLACEMENT_3D ( 'NONE', #2505, #2045, #2978 ) ;
#1668 = DIRECTION ( 'NONE',  ( 0.7071067811865487940, 0.000000000000000000, -0.7071067811865463515 ) ) ;
#1669 = EDGE_CURVE ( 'NONE', #2977, #2721, #694, .T. ) ;
#1670 = FACE_OUTER_BOUND ( 'NONE', #889, .T. ) ;
#1671 = DIRECTION ( 'NONE',  ( -0.3826834323650948333, -0.000000000000000000, -0.9238795325112846291 ) ) ;
#1672 = EDGE_LOOP ( 'NONE', ( #2650, #1915, #2934, #2732 ) ) ;
#1673 = CARTESIAN_POINT ( 'NONE',  ( 2.066987299999998751, 9.750000001092475443, 0.8561741729129486167 ) ) ;
#1674 = AXIS2_PLACEMENT_3D ( 'NONE', #1848, #1881, #436 ) ;
#1675 = ORIENTED_EDGE ( 'NONE', *, *, #633, .F. ) ;
#1676 = CARTESIAN_POINT ( 'NONE',  ( -0.8561741729129476175, 9.550000001092474378, 2.066987299999999195 ) ) ;
#1677 =( BOUNDED_CURVE ( )  B_SPLINE_CURVE ( 2, ( #1595, #2113, #14 ),
 .UNSPECIFIED., .F., .F. ) 
 B_SPLINE_CURVE_WITH_KNOTS ( ( 3, 3 ),
 ( 0.8499999999999998668, 0.8750000000000000000 ),
 .UNSPECIFIED. ) 
 CURVE ( )  GEOMETRIC_REPRESENTATION_ITEM ( )  RATIONAL_B_SPLINE_CURVE ( ( 1.000000000000000444, 0.9238795325112864054, 1.000000000000000000 ) ) 
 REPRESENTATION_ITEM ( '' )  );
#1678 = EDGE_LOOP ( 'NONE', ( #1970, #2519, #1829, #229 ) ) ;
#1679 = AXIS2_PLACEMENT_3D ( 'NONE', #1438, #1663, #81 ) ;
#1680 = DIRECTION ( 'NONE',  ( 0.000000000000000000, 1.000000000000000000, 0.000000000000000000 ) ) ;
#1681 = CARTESIAN_POINT ( 'NONE',  ( 1.461580736456475016, 9.700000001092472957, -1.461580736456470131 ) ) ;
#1682 = DIRECTION ( 'NONE',  ( -0.7071067811865486830, 0.000000000000000000, 0.7071067811865462405 ) ) ;
#1683 = DIRECTION ( 'NONE',  ( -0.7071067811865491270, 0.000000000000000000, 0.7071067811865461294 ) ) ;
#1684 = CARTESIAN_POINT ( 'NONE',  ( 4.336808689942017736E-15, 11.05000000000000071, -2.500000000000000444 ) ) ;
#1685 = EDGE_CURVE ( 'NONE', #1923, #2954, #1939, .T. ) ;
#1686 = ORIENTED_EDGE ( 'NONE', *, *, #390, .F. ) ;
#1687 = CARTESIAN_POINT ( 'NONE',  ( -2.066987299999999639, 9.400000001092475799, -3.252606517456513302E-15 ) ) ;
#1688 = MANIFOLD_SOLID_BREP ( 'Body-Move/Copy2[8]', #2281 ) ;
#1689 =( GEOMETRIC_REPRESENTATION_CONTEXT ( 3 ) GLOBAL_UNCERTAINTY_ASSIGNED_CONTEXT ( ( #1904 ) ) GLOBAL_UNIT_ASSIGNED_CONTEXT ( ( #234, #1353, #3036 ) ) REPRESENTATION_CONTEXT ( 'NONE', 'WORKASPACE' ) );
#1690 = CARTESIAN_POINT ( 'NONE',  ( 0.8561741729129421774, 8.650000001092475799, 2.066987300000001859 ) ) ;
#1691 = VERTEX_POINT ( 'NONE', #2785 ) ;
#1692 = CARTESIAN_POINT ( 'NONE',  ( -2.066987299999999195, 10.15000000109247580, -0.8561741729129475065 ) ) ;
#1693 = CARTESIAN_POINT ( 'NONE',  ( -1.767766952966371763, 10.55000000000000071, 1.767766952966366212 ) ) ;
#1694 = ORIENTED_EDGE ( 'NONE', *, *, #390, .T. ) ;
#1695 =( BOUNDED_SURFACE ( )  B_SPLINE_SURFACE ( 1, 2, ( 
 ( #1660, #2146, #2810, #440, #1380, #690, #32, #955, #1852, #1365, #3031, #676, #1632, #1184, #1200, #1617, #1171, #2587, #969, #713, #1393, #2617, #1649, #483, #733, #2132, #2851, #2350, #1421, #1912, #2573, #2602, #2323, #2336, #1885, #2377, #46, #269, #242, #231, #216, #2117, #18, #1142, #466, #2085, #912, #940, #1157, #2100, #2824, #2795, #1406, #2363, #256, #2164, #2866, #2879, #330, #342, #2440, #316, #2910, #2894, #1497, #2394, #2689, #2931, #1707, #63, #78 ),
 ( #2210, #2224, #987, #1255, #1928, #1041, #2663, #107, #1942, #1028, #2453, #745, #283, #1971, #1215, #1692, #119, #1956, #1985, #782, #796, #560, #1739, #513, #1481, #2647, #1270, #1676, #2634, #496, #2179, #544, #1437, #763, #92, #1451, #2413, #1720, #1001, #529, #302, #1230, #1466, #2426, #1244, #2196, #1014, #2673, #2033, #2242, #154, #1078, #2019, #812, #608, #2990, #2257, #389, #2738, #1797, #2753, #138, #2284, #2003, #595, #2949, #830, #872, #1811, #2767, #2489 ) ),
 .UNSPECIFIED., .F., .F., .T. ) 
 B_SPLINE_SURFACE_WITH_KNOTS ( ( 2, 2 ),
 ( 3, 2, 2, 2, 2, 2, 2, 2, 2, 2, 2, 2, 2, 2, 2, 2, 2, 2, 2, 2, 2, 2, 2, 2, 2, 2, 2, 2, 2, 2, 2, 2, 2, 2, 2, 3 ),
 ( 0.000000000000000000, 1.000000000000000000 ),
 ( 0.000000000000000000, 0.02500000000000000139, 0.05000000000000000278, 0.07499999999999999722, 0.1000000000000000056, 0.1250000000000000000, 0.1499999999999999944, 0.1749999999999999889, 0.2000000000000000111, 0.2250000000000000056, 0.2500000000000000000, 0.2750000000000000222, 0.2999999999999999889, 0.3250000000000000111, 0.3499999999999999778, 0.3750000000000000000, 0.4000000000000000222, 0.4249999999999999889, 0.4500000000000000111, 0.4749999999999999778, 0.5000000000000000000, 0.5250000000000000222, 0.5500000000000000444, 0.5749999999999999556, 0.5999999999999999778, 0.6250000000000000000, 0.6500000000000000222, 0.6750000000000000444, 0.6999999999999999556, 0.7249999999999999778, 0.7500000000000000000, 0.7750000000000000222, 0.8000000000000000444, 0.8249999999999999556, 0.8499999999999999778, 0.8750000000000000000 ),
 .UNSPECIFIED. ) 
 GEOMETRIC_REPRESENTATION_ITEM ( )  RATIONAL_B_SPLINE_SURFACE ( (
 ( 1.000000000000000000, 0.9238795325112867385, 1.000000000000000000, 0.9238795325112867385, 1.000000000000000000, 0.9238795325112867385, 1.000000000000000000, 0.9238795325112867385, 1.000000000000000000, 0.9238795325112867385, 1.000000000000000000, 0.9238795325112867385, 1.000000000000000000, 0.9238795325112867385, 1.000000000000000000, 0.9238795325112867385, 1.000000000000000000, 0.9238795325112867385, 1.000000000000000000, 0.9238795325112867385, 1.000000000000000000, 0.9238795325112867385, 1.000000000000000000, 0.9238795325112867385, 1.000000000000000000, 0.9238795325112867385, 1.000000000000000000, 0.9238795325112867385, 1.000000000000000000, 0.9238795325112867385, 1.000000000000000000, 0.9238795325112867385, 1.000000000000000000, 0.9238795325112867385, 1.000000000000000000, 0.9238795325112867385, 1.000000000000000000, 0.9238795325112867385, 1.000000000000000000, 0.9238795325112867385, 1.000000000000000000, 0.9238795325112867385, 1.000000000000000000, 0.9238795325112867385, 1.000000000000000000, 0.9238795325112867385, 1.000000000000000000, 0.9238795325112867385, 1.000000000000000000, 0.9238795325112867385, 1.000000000000000000, 0.9238795325112867385, 1.000000000000000000, 0.9238795325112867385, 1.000000000000000000, 0.9238795325112867385, 1.000000000000000000, 0.9238795325112867385, 1.000000000000000000, 0.9238795325112867385, 1.000000000000000000, 0.9238795325112867385, 1.000000000000000000, 0.9238795325112867385, 1.000000000000000000, 0.9238795325112867385, 1.000000000000000000, 0.9238795325112867385, 1.000000000000000000, 0.9238795325112867385, 1.000000000000000000),
 ( 1.000000000000000000, 0.9238795325112867385, 1.000000000000000000, 0.9238795325112867385, 1.000000000000000000, 0.9238795325112867385, 1.000000000000000000, 0.9238795325112867385, 1.000000000000000000, 0.9238795325112867385, 1.000000000000000000, 0.9238795325112867385, 1.000000000000000000, 0.9238795325112867385, 1.000000000000000000, 0.9238795325112867385, 1.000000000000000000, 0.9238795325112867385, 1.000000000000000000, 0.9238795325112867385, 1.000000000000000000, 0.9238795325112867385, 1.000000000000000000, 0.9238795325112867385, 1.000000000000000000, 0.9238795325112867385, 1.000000000000000000, 0.9238795325112867385, 1.000000000000000000, 0.9238795325112867385, 1.000000000000000000, 0.9238795325112867385, 1.000000000000000000, 0.9238795325112867385, 1.000000000000000000, 0.9238795325112867385, 1.000000000000000000, 0.9238795325112867385, 1.000000000000000000, 0.9238795325112867385, 1.000000000000000000, 0.9238795325112867385, 1.000000000000000000, 0.9238795325112867385, 1.000000000000000000, 0.9238795325112867385, 1.000000000000000000, 0.9238795325112867385, 1.000000000000000000, 0.9238795325112867385, 1.000000000000000000, 0.9238795325112867385, 1.000000000000000000, 0.9238795325112867385, 1.000000000000000000, 0.9238795325112867385, 1.000000000000000000, 0.9238795325112867385, 1.000000000000000000, 0.9238795325112867385, 1.000000000000000000, 0.9238795325112867385, 1.000000000000000000, 0.9238795325112867385, 1.000000000000000000, 0.9238795325112867385, 1.000000000000000000, 0.9238795325112867385, 1.000000000000000000, 0.9238795325112867385, 1.000000000000000000) ) ) 
 REPRESENTATION_ITEM ( '' )  SURFACE ( )  );
#1696 = CARTESIAN_POINT ( 'NONE',  ( 1.767766952966366212, 9.150000000000000355, 1.767766952966371763 ) ) ;
#1697 = CARTESIAN_POINT ( 'NONE',  ( -3.252606517456513302E-15, 8.600000001092473312, 2.066987300000000083 ) ) ;
#1698 = CARTESIAN_POINT ( 'NONE',  ( -2.500000000000000444, 9.750000002184950887, -3.686287386450715076E-15 ) ) ;
#1699 = DIRECTION ( 'NONE',  ( 0.000000000000000000, 1.000000000000000000, 0.000000000000000000 ) ) ;
#1700 = AXIS2_PLACEMENT_3D ( 'NONE', #348, #1776, #1762 ) ;
#1701 = DIRECTION ( 'NONE',  ( -0.7071067811865486830, 0.000000000000000000, 0.7071067811865462405 ) ) ;
#1702 = CARTESIAN_POINT ( 'NONE',  ( 2.066987299999999639, 10.60000000109247509, 3.252606517456513302E-15 ) ) ;
#1703 = CARTESIAN_POINT ( 'NONE',  ( -2.500000000000000444, 9.650000000000000355, -3.686287386450715076E-15 ) ) ;
#1704 = ORIENTED_EDGE ( 'NONE', *, *, #1283, .T. ) ;
#1705 = CARTESIAN_POINT ( 'NONE',  ( -2.064751801064715231, -6.399999999999999467, -2.064751801064722336 ) ) ;
#1706 = ORIENTED_EDGE ( 'NONE', *, *, #1049, .F. ) ;
#1707 = CARTESIAN_POINT ( 'NONE',  ( 1.461580736456475016, 7.300000001092475266, -1.461580736456470131 ) ) ;
#1708 = CARTESIAN_POINT ( 'NONE',  ( -2.500000000000000444, 10.45000000000000107, -3.686287386450715076E-15 ) ) ;
#1709 = CARTESIAN_POINT ( 'NONE',  ( 2.066987299999999639, 7.400000001092476687, 3.252606517456513302E-15 ) ) ;
#1710 = VECTOR ( 'NONE', #9, 1000.000000000000000 ) ;
#1711 = CARTESIAN_POINT ( 'NONE',  ( -2.064751801064715231, -6.399999999999999467, -2.064751801064722336 ) ) ;
#1712 = CARTESIAN_POINT ( 'NONE',  ( 3.469446951953614189E-15, 8.200000001092474733, -2.066987300000000083 ) ) ;
#1713 = CARTESIAN_POINT ( 'NONE',  ( -1.767766952966365990, 8.050000002184948045, -1.767766952966371985 ) ) ;
#1714 = PLANE ( 'NONE',  #365 ) ;
#1715 = CARTESIAN_POINT ( 'NONE',  ( -1.040834085586084257E-14, 0.1000000000000000056, -2.919999999999999929 ) ) ;
#1716 = FACE_OUTER_BOUND ( 'NONE', #3004, .T. ) ;
#1717 = CARTESIAN_POINT ( 'NONE',  ( 0.9550382616165473681, 7.650000000000003908, 2.227387293900923382 ) ) ;
#1718 = ADVANCED_FACE ( 'NONE', ( #2072, #1890 ), #2814, .T. ) ;
#1719 = ORIENTED_EDGE ( 'NONE', *, *, #2178, .T. ) ;
#1720 = CARTESIAN_POINT ( 'NONE',  ( 2.066987300000001859, 9.050000001092479707, -0.8561741729129417333 ) ) ;
#1721 = FILL_AREA_STYLE_COLOUR ( '', #540 ) ;
#1722 = ORIENTED_EDGE ( 'NONE', *, *, #498, .T. ) ;
#1723 = CARTESIAN_POINT ( 'NONE',  ( -1.631882538264927796, 0.5000000000000000000, -4.984963327980056924 ) ) ;
#1724 = EDGE_CURVE ( 'NONE', #2848, #1612, #1452, .T. ) ;
#1725 = CARTESIAN_POINT ( 'NONE',  ( 2.066987299999998751, 8.750000001092473667, 0.8561741729129486167 ) ) ;
#1726 = CARTESIAN_POINT ( 'NONE',  ( 1.035533905932733978, 9.200000002184950176, 2.500000000000002220 ) ) ;
#1727 = VECTOR ( 'NONE', #2744, 1000.000000000000000 ) ;
#1728 = DIRECTION ( 'NONE',  ( 0.000000000000000000, -1.000000000000000000, 0.000000000000000000 ) ) ;
#1729 = DIRECTION ( 'NONE',  ( 0.000000000000000000, -1.000000000000000000, -0.000000000000000000 ) ) ;
#1730 = EDGE_CURVE ( 'NONE', #210, #2316, #1859, .T. ) ;
#1731 = EDGE_LOOP ( 'NONE', ( #512, #1211 ) ) ;
#1732 = AXIS2_PLACEMENT_3D ( 'NONE', #687, #435, #211 ) ;
#1733 = CARTESIAN_POINT ( 'NONE',  ( 1.035533905932736864, 8.600000000000001421, -2.499999999999998668 ) ) ;
#1734 =( NAMED_UNIT ( * ) PLANE_ANGLE_UNIT ( ) SI_UNIT ( $, .RADIAN. ) );
#1735 = AXIS2_PLACEMENT_3D ( 'NONE', #130, #2249, #2745 ) ;
#1736 = ORIENTED_EDGE ( 'NONE', *, *, #2722, .T. ) ;
#1737 = VERTEX_POINT ( 'NONE', #899 ) ;
#1738 = VECTOR ( 'NONE', #652, 1000.000000000000000 ) ;
#1739 = CARTESIAN_POINT ( 'NONE',  ( 2.066987299999999639, 9.800000001092474378, 3.252606517456513302E-15 ) ) ;
#1740 = CARTESIAN_POINT ( 'NONE',  ( 2.500000000000000444, 8.449999999999999289, 4.119968255444916849E-15 ) ) ;
#1741 =( NAMED_UNIT ( * ) PLANE_ANGLE_UNIT ( ) SI_UNIT ( $, .RADIAN. ) );
#1742 = ORIENTED_EDGE ( 'NONE', *, *, #2422, .T. ) ;
#1743 = AXIS2_PLACEMENT_3D ( 'NONE', #2857, #739, #1683 ) ;
#1744 = CARTESIAN_POINT ( 'NONE',  ( -1.035533905932739529, 10.60000000000000142, 2.499999999999998224 ) ) ;
#1745 = DIRECTION ( 'NONE',  ( -0.7071067811865487940, 0.000000000000000000, 0.7071067811865463515 ) ) ;
#1746 = CARTESIAN_POINT ( 'NONE',  ( 1.767766952966371985, 8.550000000000000711, -1.767766952966365990 ) ) ;
#1747 = CARTESIAN_POINT ( 'NONE',  ( -1.767766952966371763, 8.150000000000000355, 1.767766952966366212 ) ) ;
#1748 = CARTESIAN_POINT ( 'NONE',  ( -2.111703165583712849, 0.1000000000000000056, -4.052852050157239816 ) ) ;
#1749 = CARTESIAN_POINT ( 'NONE',  ( 0.000000000000000000, 0.1000000000000000056, 0.000000000000000000 ) ) ;
#1750 = CARTESIAN_POINT ( 'NONE',  ( 3.469446951953614189E-15, 10.00000000109247544, -2.066987300000000083 ) ) ;
#1751 = DIRECTION ( 'NONE',  ( 0.7071067811865490160, 0.000000000000000000, -0.7071067811865461294 ) ) ;
#1752 = ORIENTED_EDGE ( 'NONE', *, *, #863, .F. ) ;
#1753 = CARTESIAN_POINT ( 'NONE',  ( -2.064751801064715231, 0.1000000000000000056, -2.064751801064722336 ) ) ;
#1754 =( LENGTH_UNIT ( ) NAMED_UNIT ( * ) SI_UNIT ( .MILLI., .METRE. ) );
#1755 = EDGE_CURVE ( 'NONE', #153, #1165, #2680, .T. ) ;
#1756 = VERTEX_POINT ( 'NONE', #2170 ) ;
#1757 = CIRCLE ( 'NONE', #2156, 0.3867949192431124339 ) ;
#1758 = CARTESIAN_POINT ( 'NONE',  ( -1.767766952966371763, 10.55000000000000071, 1.767766952966366212 ) ) ;
#1759 = CARTESIAN_POINT ( 'NONE',  ( 0.000000000000000000, 11.65000000000000036, 0.000000000000000000 ) ) ;
#1760 = CARTESIAN_POINT ( 'NONE',  ( -2.499999999999999112, 8.900000002184947689, -1.035533905932740639 ) ) ;
#1761 = CONICAL_SURFACE ( 'NONE', #1220, 2.500000000000000444, 0.7853981633974522758 ) ;
#1762 = DIRECTION ( 'NONE',  ( -0.7071067811865487940, 0.000000000000000000, 0.7071067811865463515 ) ) ;
#1763 = VECTOR ( 'NONE', #2540, 1000.000000000000000 ) ;
#1764 = CARTESIAN_POINT ( 'NONE',  ( 1.767766952966371985, 8.550000000000000711, -1.767766952966365990 ) ) ;
#1765 = LINE ( 'NONE', #2717, #677 ) ;
#1766 = CARTESIAN_POINT ( 'NONE',  ( 1.035533905932733978, 9.200000002184950176, 2.500000000000002220 ) ) ;
#1767 = DIRECTION ( 'NONE',  ( 0.7071067811865485719, 0.000000000000000000, -0.7071067811865465735 ) ) ;
#1768 = EDGE_LOOP ( 'NONE', ( #1561, #846 ) ) ;
#1769 = ORIENTED_EDGE ( 'NONE', *, *, #1010, .T. ) ;
#1770 = FACE_BOUND ( 'NONE', #361, .T. ) ;
#1771 = CARTESIAN_POINT ( 'NONE',  ( -3.288046532517452825, 0.8699999999999998845, 3.288046532517441278 ) ) ;
#1772 = ORIENTED_EDGE ( 'NONE', *, *, #1174, .T. ) ;
#1773 = DIRECTION ( 'NONE',  ( -0.7071067811865486830, 0.000000000000000000, 0.7071067811865464625 ) ) ;
#1774 = LINE ( 'NONE', #2290, #2427 ) ;
#1775 = CARTESIAN_POINT ( 'NONE',  ( -0.7910017786516384541, 7.650000000000000355, -1.909647267044684904 ) ) ;
#1776 = DIRECTION ( 'NONE',  ( 0.000000000000000000, 1.000000000000000000, 0.000000000000000000 ) ) ;
#1777 = CIRCLE ( 'NONE', #488, 0.2250000000000000056 ) ;
#1778 = CARTESIAN_POINT ( 'NONE',  ( -1.767766952966371763, 9.750000000000000000, 1.767766952966366212 ) ) ;
#1779 = LINE ( 'NONE', #2466, #2562 ) ;
#1780 = EDGE_CURVE ( 'NONE', #1417, #2721, #2543, .T. ) ;
#1781 = AXIS2_PLACEMENT_3D ( 'NONE', #1914, #905, #1987 ) ;
#1782 = DIRECTION ( 'NONE',  ( 0.000000000000000000, 1.000000000000000000, 0.000000000000000000 ) ) ;
#1783 = DIRECTION ( 'NONE',  ( -0.7071067811865487940, 0.000000000000000000, 0.7071067811865462405 ) ) ;
#1784 = ORIENTED_EDGE ( 'NONE', *, *, #2730, .F. ) ;
#1785 = CARTESIAN_POINT ( 'NONE',  ( -2.934493141924177539, 0.7499999999999995559, 2.934493141924168214 ) ) ;
#1786 = DIRECTION ( 'NONE',  ( 0.000000000000000000, 1.000000000000000000, 0.000000000000000000 ) ) ;
#1787 = ORIENTED_EDGE ( 'NONE', *, *, #498, .F. ) ;
#1788 = CARTESIAN_POINT ( 'NONE',  ( 0.000000000000000000, 6.650000000000001243, 0.000000000000000000 ) ) ;
#1789 = CARTESIAN_POINT ( 'NONE',  ( -1.767766952966371985, 11.15000000000000213, 1.767766952966365990 ) ) ;
#1790 = AXIS2_PLACEMENT_3D ( 'NONE', #87, #774, #2668 ) ;
#1791 = CARTESIAN_POINT ( 'NONE',  ( 2.500000000000000444, 8.449999999999999289, 4.119968255444916849E-15 ) ) ;
#1792 = VERTEX_POINT ( 'NONE', #2203 ) ;
#1793 = CARTESIAN_POINT ( 'NONE',  ( 2.500000000000001332, 9.400000002184947689, -1.035533905932743304 ) ) ;
#1794 = FACE_OUTER_BOUND ( 'NONE', #2845, .T. ) ;
#1795 = ORIENTED_EDGE ( 'NONE', *, *, #2417, .F. ) ;
#1796 = ORIENTED_EDGE ( 'NONE', *, *, #685, .T. ) ;
#1797 = CARTESIAN_POINT ( 'NONE',  ( -0.8561741729129476175, 7.950000001092476509, 2.066987299999999195 ) ) ;
#1798 = FACE_OUTER_BOUND ( 'NONE', #1944, .T. ) ;
#1799 = CARTESIAN_POINT ( 'NONE',  ( -2.053853174857672048, 7.649999999999996803, -0.2688731231939205379 ) ) ;
#1800 = ORIENTED_EDGE ( 'NONE', *, *, #1505, .T. ) ;
#1801 = CARTESIAN_POINT ( 'NONE',  ( -1.767766952966371763, 9.850000002184948755, 1.767766952966366212 ) ) ;
#1802 = LINE ( 'NONE', #1085, #2912 ) ;
#1803 = AXIS2_PLACEMENT_3D ( 'NONE', #2262, #2761, #2008 ) ;
#1804 = CIRCLE ( 'NONE', #1127, 2.500000000000000444 ) ;
#1805 = CYLINDRICAL_SURFACE ( 'NONE', #2999, 2.500000000000000444 ) ;
#1806 = AXIS2_PLACEMENT_3D ( 'NONE', #1164, #1640, #2314 ) ;
#1807 = FACE_OUTER_BOUND ( 'NONE', #1359, .T. ) ;
#1808 = ADVANCED_FACE ( 'NONE', ( #2623, #1442 ), #1714, .F. ) ;
#1809 = VERTEX_POINT ( 'NONE', #2187 ) ;
#1810 = CARTESIAN_POINT ( 'NONE',  ( 2.066987299999998751, 10.55000000109247615, 0.8561741729129486167 ) ) ;
#1811 = CARTESIAN_POINT ( 'NONE',  ( 1.461580736456475016, 7.500000001092475443, -1.461580736456470131 ) ) ;
#1812 = CARTESIAN_POINT ( 'NONE',  ( -1.827866982996383616, 0.5000000000000000000, -5.066142743001985416 ) ) ;
#1813 = MANIFOLD_SOLID_BREP ( 'Body-Move/Copy2[2]', #2919 ) ;
#1814 = ORIENTED_EDGE ( 'NONE', *, *, #989, .F. ) ;
#1815 = DIRECTION ( 'NONE',  ( 0.000000000000000000, -1.000000000000000000, -0.000000000000000000 ) ) ;
#1816 = DIRECTION ( 'NONE',  ( 0.7071067811865486830, 0.000000000000000000, -0.7071067811865464625 ) ) ;
#1817 = LINE ( 'NONE', #628, #2341 ) ;
#1818 = CIRCLE ( 'NONE', #2627, 0.2250000000000000056 ) ;
#1819 = CARTESIAN_POINT ( 'NONE',  ( -1.461580736456470131, 9.300000001092474378, -1.461580736456475016 ) ) ;
#1820 = CARTESIAN_POINT ( 'NONE',  ( 2.499999999999998668, 10.00000000000000178, 1.035533905932741972 ) ) ;
#1821 = FACE_BOUND ( 'NONE', #1731, .T. ) ;
#1822 = AXIS2_PLACEMENT_3D ( 'NONE', #3033, #1886, #2305 ) ;
#1823 = EDGE_CURVE ( 'NONE', #123, #856, #771, .T. ) ;
#1824 = CARTESIAN_POINT ( 'NONE',  ( -2.064751801064715231, 0.000000000000000000, -2.064751801064722336 ) ) ;
#1825 = SURFACE_STYLE_FILL_AREA ( #1272 ) ;
#1826 = AXIS2_PLACEMENT_3D ( 'NONE', #1958, #1246, #271 ) ;
#1827 = ORIENTED_EDGE ( 'NONE', *, *, #329, .F. ) ;
#1828 = ADVANCED_FACE ( 'NONE', ( #290 ), #157, .F. ) ;
#1829 = ORIENTED_EDGE ( 'NONE', *, *, #1123, .T. ) ;
#1830 = CYLINDRICAL_SURFACE ( 'NONE', #1188, 2.500000000000000444 ) ;
#1831 = VERTEX_POINT ( 'NONE', #441 ) ;
#1832 = CARTESIAN_POINT ( 'NONE',  ( 1.461580736456470353, 9.500000001092475443, 1.461580736456474794 ) ) ;
#1833 = AXIS2_PLACEMENT_3D ( 'NONE', #1705, #1645, #2128 ) ;
#1834 = EDGE_CURVE ( 'NONE', #2600, #1864, #2091, .T. ) ;
#1835 = FACE_OUTER_BOUND ( 'NONE', #2534, .T. ) ;
#1836 = CARTESIAN_POINT ( 'NONE',  ( 2.934493141924177984, 11.65000000000000036, -2.934493141924167769 ) ) ;
#1837 = CARTESIAN_POINT ( 'NONE',  ( -1.461580736456470131, 10.70000000109247473, -1.461580736456475016 ) ) ;
#1838 = CARTESIAN_POINT ( 'NONE',  ( 1.461580736456475016, 8.900000001092475799, -1.461580736456470131 ) ) ;
#1839 = DIRECTION ( 'NONE',  ( 0.7071067811865487940, 0.000000000000000000, -0.7071067811865463515 ) ) ;
#1840 = PRESENTATION_STYLE_ASSIGNMENT (( #2367 ) ) ;
#1841 = CARTESIAN_POINT ( 'NONE',  ( 2.066987299999998751, 8.950000001092474733, 0.8561741729129487277 ) ) ;
#1842 = CARTESIAN_POINT ( 'NONE',  ( -1.767766952966371763, 9.750000000000000000, 1.767766952966366212 ) ) ;
#1843 = CARTESIAN_POINT ( 'NONE',  ( 4.336808689942017736E-15, 7.950000002184949288, -2.500000000000000444 ) ) ;
#1844 =( LENGTH_UNIT ( ) NAMED_UNIT ( * ) SI_UNIT ( .MILLI., .METRE. ) );
#1845 = ORIENTED_EDGE ( 'NONE', *, *, #770, .F. ) ;
#1846 = ORIENTED_EDGE ( 'NONE', *, *, #1071, .F. ) ;
#1847 = FACE_OUTER_BOUND ( 'NONE', #2737, .T. ) ;
#1848 = CARTESIAN_POINT ( 'NONE',  ( -2.064751801064715231, 0.000000000000000000, -2.064751801064722336 ) ) ;
#1849 = CIRCLE ( 'NONE', #1700, 1.949999999999999734 ) ;
#1850 = ORIENTED_EDGE ( 'NONE', *, *, #762, .T. ) ;
#1851 = CARTESIAN_POINT ( 'NONE',  ( 1.767766952966371985, 7.050000002184949821, -1.767766952966365990 ) ) ;
#1852 = CARTESIAN_POINT ( 'NONE',  ( 1.461580736456470353, 10.30000000109247438, 1.461580736456474794 ) ) ;
#1853 = AXIS2_PLACEMENT_3D ( 'NONE', #932, #2830, #1191 ) ;
#1854 = CARTESIAN_POINT ( 'NONE',  ( 2.500000000000000444, 7.650000000000001243, 4.119968255444916849E-15 ) ) ;
#1855 = EDGE_CURVE ( 'NONE', #2397, #118, #525, .T. ) ;
#1856 = CARTESIAN_POINT ( 'NONE',  ( 0.000000000000000000, 0.8699999999999998845, 0.000000000000000000 ) ) ;
#1857 = EDGE_CURVE ( 'NONE', #67, #2848, #22, .T. ) ;
#1858 = CARTESIAN_POINT ( 'NONE',  ( -1.664398450963637810, 0.5000000000000000000, -5.033626830303274957 ) ) ;
#1859 = LINE ( 'NONE', #647, #806 ) ;
#1860 = DIRECTION ( 'NONE',  ( 0.000000000000000000, -1.000000000000000000, 0.000000000000000000 ) ) ;
#1861 = FACE_OUTER_BOUND ( 'NONE', #2498, .T. ) ;
#1862 = VECTOR ( 'NONE', #1639, 1000.000000000000000 ) ;
#1863 = EDGE_LOOP ( 'NONE', ( #2001, #1097, #2709, #2555 ) ) ;
#1864 = VERTEX_POINT ( 'NONE', #809 ) ;
#1865 = CIRCLE ( 'NONE', #678, 4.570000000000001172 ) ;
#1866 = EDGE_CURVE ( 'NONE', #2889, #2302, #1221, .T. ) ;
#1867 = CARTESIAN_POINT ( 'NONE',  ( 0.1590990257669838148, -6.399999999999999467, 2.760900974233027494 ) ) ;
#1868 = ORIENTED_EDGE ( 'NONE', *, *, #532, .T. ) ;
#1869 = CARTESIAN_POINT ( 'NONE',  ( -0.8561741729129415113, 9.050000001092474378, -2.066987300000001859 ) ) ;
#1870 = FACE_OUTER_BOUND ( 'NONE', #331, .T. ) ;
#1871 = CARTESIAN_POINT ( 'NONE',  ( 1.203169037782165995, 7.650000000000003020, -1.942071768828403489 ) ) ;
#1872 = CARTESIAN_POINT ( 'NONE',  ( 0.000000000000000000, 0.5000000000000000000, 0.000000000000000000 ) ) ;
#1873 = MANIFOLD_SOLID_BREP ( 'Body-Move/Copy2[5]', #1332 ) ;
#1874 = EDGE_CURVE ( 'NONE', #1317, #210, #557, .T. ) ;
#1875 = CARTESIAN_POINT ( 'NONE',  ( -0.1590990257669628039, 0.000000000000000000, 3.079099025766972364 ) ) ;
#1876 = CARTESIAN_POINT ( 'NONE',  ( 1.767766952966371985, 7.850000002184949643, -1.767766952966365990 ) ) ;
#1877 = CARTESIAN_POINT ( 'NONE',  ( -1.581174112057301961, 7.650000000000000355, 1.462731629775273046 ) ) ;
#1878 = PRODUCT_DEFINITION_CONTEXT ( 'detailed design', #1110, 'design' ) ;
#1879 = VERTEX_POINT ( 'NONE', #2265 ) ;
#1880 = DIRECTION ( 'NONE',  ( 0.7071067811865486830, 0.000000000000000000, -0.7071067811865464625 ) ) ;
#1881 = DIRECTION ( 'NONE',  ( 0.000000000000000000, -1.000000000000000000, 0.000000000000000000 ) ) ;
#1882 =( GEOMETRIC_REPRESENTATION_CONTEXT ( 3 ) GLOBAL_UNCERTAINTY_ASSIGNED_CONTEXT ( ( #1654 ) ) GLOBAL_UNIT_ASSIGNED_CONTEXT ( ( #747, #285, #2414 ) ) REPRESENTATION_CONTEXT ( 'NONE', 'WORKASPACE' ) );
#1883 = EDGE_LOOP ( 'NONE', ( #2250, #369, #1003, #169 ) ) ;
#1884 = CARTESIAN_POINT ( 'NONE',  ( 0.8561741729129487277, 9.750000001092473667, -2.066987299999998751 ) ) ;
#1885 = CARTESIAN_POINT ( 'NONE',  ( 3.469446951953614189E-15, 9.000000001092473667, -2.066987300000000083 ) ) ;
#1886 = DIRECTION ( 'NONE',  ( 0.000000000000000000, 1.000000000000000000, 0.000000000000000000 ) ) ;
#1887 = VECTOR ( 'NONE', #1980, 1000.000000000000000 ) ;
#1888 = ORIENTED_EDGE ( 'NONE', *, *, #2082, .T. ) ;
#1889 = CARTESIAN_POINT ( 'NONE',  ( 1.817264427649423197, 0.000000000000000000, 2.312239174480013482 ) ) ;
#1890 = FACE_OUTER_BOUND ( 'NONE', #1077, .T. ) ;
#1891 = CARTESIAN_POINT ( 'NONE',  ( -1.767766952966365990, 11.15000000000000036, -1.767766952966371985 ) ) ;
#1892 = ORIENTED_EDGE ( 'NONE', *, *, #1496, .T. ) ;
#1893 = AXIS2_PLACEMENT_3D ( 'NONE', #1715, #308, #1668 ) ;
#1894 = CARTESIAN_POINT ( 'NONE',  ( -1.461580736456474794, 7.900000001092475799, 1.461580736456470353 ) ) ;
#1895 = CARTESIAN_POINT ( 'NONE',  ( 1.040834085586084257E-14, 0.000000000000000000, 2.919999999999999929 ) ) ;
#1896 = ORIENTED_EDGE ( 'NONE', *, *, #1730, .T. ) ;
#1897 = FACE_OUTER_BOUND ( 'NONE', #860, .T. ) ;
#1898 = ADVANCED_FACE ( 'NONE', ( #852, #1998 ), #1056, .T. ) ;
#1899 = FACE_OUTER_BOUND ( 'NONE', #1863, .T. ) ;
#1900 = VERTEX_POINT ( 'NONE', #165 ) ;
#1901 = CARTESIAN_POINT ( 'NONE',  ( -3.903127820947815962E-15, 9.849999999999999645, 2.500000000000000444 ) ) ;
#1902 = FILL_AREA_STYLE_COLOUR ( '', #2291 ) ;
#1903 = CARTESIAN_POINT ( 'NONE',  ( 4.336808689942017736E-15, 7.850000000000001421, -2.500000000000000444 ) ) ;
#1904 = UNCERTAINTY_MEASURE_WITH_UNIT (LENGTH_MEASURE( 1.000000000000000082E-05 ), #234, 'distance_accuracy_value', 'NONE');
#1905 = FACE_OUTER_BOUND ( 'NONE', #1611, .T. ) ;
#1906 = ORIENTED_EDGE ( 'NONE', *, *, #1685, .F. ) ;
#1907 = AXIS2_PLACEMENT_3D ( 'NONE', #2784, #3035, #1129 ) ;
#1908 = LINE ( 'NONE', #1036, #1887 ) ;
#1909 = AXIS2_PLACEMENT_3D ( 'NONE', #1600, #624, #181 ) ;
#1910 = VERTEX_POINT ( 'NONE', #840 ) ;
#1911 = CARTESIAN_POINT ( 'NONE',  ( 3.469446951953614189E-15, 8.400000001092474022, -2.066987300000000083 ) ) ;
#1912 = CARTESIAN_POINT ( 'NONE',  ( -2.066987300000001859, 9.250000001092473667, 0.8561741729129409562 ) ) ;
#1913 = CARTESIAN_POINT ( 'NONE',  ( 1.461580736456475016, 7.500000001092475443, -1.461580736456470131 ) ) ;
#1914 = CARTESIAN_POINT ( 'NONE',  ( -1.040834085586084257E-14, 0.000000000000000000, -2.919999999999999929 ) ) ;
#1915 = ORIENTED_EDGE ( 'NONE', *, *, #220, .F. ) ;
#1916 =( BOUNDED_SURFACE ( )  B_SPLINE_SURFACE ( 1, 2, ( 
 ( #112, #334, #534, #519, #816, #1976, #2445, #753, #1459, #320, #98, #773, #2884, #2712, #1698, #1250, #1262, #1276, #2400, #1032, #85, #787, #2169, #2202, #70, #1726, #1948, #2230, #2419, #2938, #2679, #1760, #2920, #128, #307, #567, #1236, #1504, #2653, #1051, #1008, #1020, #1992, #1441, #994, #2186, #1964, #2899, #1713, #2667, #552, #1487, #675, #408, #2349, #1349, #425, #241, #1599, #1364, #215, #454, #2084, #2601, #689, #911, #1170, #3029, #1851, #2098, #17 ),
 ( #890, #1631, #2823, #3045, #1404, #1616, #196, #2303, #1392, #465, #1125, #938, #702, #924, #2362, #2781, #2794, #2556, #2066, #1884, #1648, #2322, #2572, #3008, #1832, #659, #255, #439, #2586, #1379, #2334, #230, #1156, #1869, #2809, #1159, #1838, #1367, #680, #1213, #61, #1690, #232, #3034, #280, #2645, #1449, #999, #1940, #1619, #731, #1228, #2411, #300, #662, #2176, #760, #76, #2877, #895, #2783, #1604, #2632, #2560, #1144, #2102, #913, #429, #2324, #219, #2576 ) ),
 .UNSPECIFIED., .F., .F., .F. ) 
 B_SPLINE_SURFACE_WITH_KNOTS ( ( 2, 2 ),
 ( 3, 2, 2, 2, 2, 2, 2, 2, 2, 2, 2, 2, 2, 2, 2, 2, 2, 2, 2, 2, 2, 2, 2, 2, 2, 2, 2, 2, 2, 2, 2, 2, 2, 2, 2, 3 ),
 ( 0.000000000000000000, 1.000000000000000000 ),
 ( 0.000000000000000000, 0.02500000000000000139, 0.05000000000000000278, 0.07499999999999999722, 0.1000000000000000056, 0.1250000000000000000, 0.1499999999999999944, 0.1749999999999999889, 0.2000000000000000111, 0.2250000000000000056, 0.2500000000000000000, 0.2750000000000000222, 0.2999999999999999889, 0.3250000000000000111, 0.3499999999999999778, 0.3750000000000000000, 0.4000000000000000222, 0.4249999999999999889, 0.4500000000000000111, 0.4749999999999999778, 0.5000000000000000000, 0.5250000000000000222, 0.5500000000000000444, 0.5749999999999999556, 0.5999999999999999778, 0.6250000000000000000, 0.6500000000000000222, 0.6750000000000000444, 0.6999999999999999556, 0.7249999999999999778, 0.7500000000000000000, 0.7750000000000000222, 0.8000000000000000444, 0.8249999999999999556, 0.8499999999999999778, 0.8750000000000000000 ),
 .UNSPECIFIED. ) 
 GEOMETRIC_REPRESENTATION_ITEM ( )  RATIONAL_B_SPLINE_SURFACE ( (
 ( 1.000000000000000000, 0.9238795325112867385, 1.000000000000000000, 0.9238795325112867385, 1.000000000000000000, 0.9238795325112867385, 1.000000000000000000, 0.9238795325112867385, 1.000000000000000000, 0.9238795325112867385, 1.000000000000000000, 0.9238795325112867385, 1.000000000000000000, 0.9238795325112867385, 1.000000000000000000, 0.9238795325112867385, 1.000000000000000000, 0.9238795325112867385, 1.000000000000000000, 0.9238795325112867385, 1.000000000000000000, 0.9238795325112867385, 1.000000000000000000, 0.9238795325112867385, 1.000000000000000000, 0.9238795325112867385, 1.000000000000000000, 0.9238795325112867385, 1.000000000000000000, 0.9238795325112867385, 1.000000000000000000, 0.9238795325112867385, 1.000000000000000000, 0.9238795325112867385, 1.000000000000000000, 0.9238795325112867385, 1.000000000000000000, 0.9238795325112867385, 1.000000000000000000, 0.9238795325112867385, 1.000000000000000000, 0.9238795325112867385, 1.000000000000000000, 0.9238795325112867385, 1.000000000000000000, 0.9238795325112867385, 1.000000000000000000, 0.9238795325112867385, 1.000000000000000000, 0.9238795325112867385, 1.000000000000000000, 0.9238795325112867385, 1.000000000000000000, 0.9238795325112867385, 1.000000000000000000, 0.9238795325112867385, 1.000000000000000000, 0.9238795325112867385, 1.000000000000000000, 0.9238795325112867385, 1.000000000000000000, 0.9238795325112867385, 1.000000000000000000, 0.9238795325112867385, 1.000000000000000000, 0.9238795325112867385, 1.000000000000000000, 0.9238795325112867385, 1.000000000000000000, 0.9238795325112867385, 1.000000000000000000),
 ( 1.000000000000000000, 0.9238795325112867385, 1.000000000000000000, 0.9238795325112867385, 1.000000000000000000, 0.9238795325112867385, 1.000000000000000000, 0.9238795325112867385, 1.000000000000000000, 0.9238795325112867385, 1.000000000000000000, 0.9238795325112867385, 1.000000000000000000, 0.9238795325112867385, 1.000000000000000000, 0.9238795325112867385, 1.000000000000000000, 0.9238795325112867385, 1.000000000000000000, 0.9238795325112867385, 1.000000000000000000, 0.9238795325112867385, 1.000000000000000000, 0.9238795325112867385, 1.000000000000000000, 0.9238795325112867385, 1.000000000000000000, 0.9238795325112867385, 1.000000000000000000, 0.9238795325112867385, 1.000000000000000000, 0.9238795325112867385, 1.000000000000000000, 0.9238795325112867385, 1.000000000000000000, 0.9238795325112867385, 1.000000000000000000, 0.9238795325112867385, 1.000000000000000000, 0.9238795325112867385, 1.000000000000000000, 0.9238795325112867385, 1.000000000000000000, 0.9238795325112867385, 1.000000000000000000, 0.9238795325112867385, 1.000000000000000000, 0.9238795325112867385, 1.000000000000000000, 0.9238795325112867385, 1.000000000000000000, 0.9238795325112867385, 1.000000000000000000, 0.9238795325112867385, 1.000000000000000000, 0.9238795325112867385, 1.000000000000000000, 0.9238795325112867385, 1.000000000000000000, 0.9238795325112867385, 1.000000000000000000, 0.9238795325112867385, 1.000000000000000000, 0.9238795325112867385, 1.000000000000000000, 0.9238795325112867385, 1.000000000000000000, 0.9238795325112867385, 1.000000000000000000, 0.9238795325112867385, 1.000000000000000000) ) ) 
 REPRESENTATION_ITEM ( '' )  SURFACE ( )  );
#1917 = CARTESIAN_POINT ( 'NONE',  ( -3.436538956566627334, 10.07000000000000028, 3.436538956566615788 ) ) ;
#1918 = CYLINDRICAL_SURFACE ( 'NONE', #1152, 2.500000000000000444 ) ;
#1919 = ADVANCED_FACE ( 'NONE', ( #175 ), #1558, .T. ) ;
#1920 = FACE_OUTER_BOUND ( 'NONE', #1179, .T. ) ;
#1921 = CARTESIAN_POINT ( 'NONE',  ( -3.252606517456513302E-15, 10.40000000109247402, 2.066987300000000083 ) ) ;
#1922 = DIRECTION ( 'NONE',  ( 0.000000000000000000, 1.000000000000000000, 0.000000000000000000 ) ) ;
#1923 = VERTEX_POINT ( 'NONE', #793 ) ;
#1924 = CARTESIAN_POINT ( 'NONE',  ( -1.461580736456474794, 8.700000001092474733, 1.461580736456470353 ) ) ;
#1925 = ADVANCED_FACE ( 'NONE', ( #2278 ), #2449, .F. ) ;
#1926 = AXIS2_PLACEMENT_3D ( 'NONE', #936, #213, #700 ) ;
#1927 = EDGE_LOOP ( 'NONE', ( #2222, #1046 ) ) ;
#1928 = CARTESIAN_POINT ( 'NONE',  ( 1.461580736456475016, 10.70000000109247473, -1.461580736456470131 ) ) ;
#1929 = VECTOR ( 'NONE', #2956, 1000.000000000000227 ) ;
#1930 = CARTESIAN_POINT ( 'NONE',  ( 2.500000000000000444, 10.84999999999999964, 4.119968255444916849E-15 ) ) ;
#1931 = EDGE_CURVE ( 'NONE', #461, #1612, #1038, .T. ) ;
#1932 = ORIENTED_EDGE ( 'NONE', *, *, #243, .F. ) ;
#1933 = CIRCLE ( 'NONE', #597, 4.650000000000001243 ) ;
#1934 = CARTESIAN_POINT ( 'NONE',  ( 2.499999999999998668, 7.700000002184948400, 1.035533905932741972 ) ) ;
#1935 = CARTESIAN_POINT ( 'NONE',  ( 2.066987299999998751, 9.550000001092474378, 0.8561741729129486167 ) ) ;
#1936 = ORIENTED_EDGE ( 'NONE', *, *, #2486, .T. ) ;
#1937 = CARTESIAN_POINT ( 'NONE',  ( -2.066987299999999639, 8.600000001092475088, -3.252606517456513302E-15 ) ) ;
#1938 = EDGE_CURVE ( 'NONE', #1039, #923, #1865, .T. ) ;
#1939 = CIRCLE ( 'NONE', #2590, 0.2249999999999995337 ) ;
#1940 = CARTESIAN_POINT ( 'NONE',  ( -1.461580736456470131, 8.300000001092474378, -1.461580736456475016 ) ) ;
#1941 = ORIENTED_EDGE ( 'NONE', *, *, #1823, .T. ) ;
#1942 = CARTESIAN_POINT ( 'NONE',  ( 1.461580736456470353, 10.50000000109247544, 1.461580736456474794 ) ) ;
#1943 = CYLINDRICAL_SURFACE ( 'NONE', #741, 1.949999999999999734 ) ;
#1944 = EDGE_LOOP ( 'NONE', ( #620, #73, #176, #1339 ) ) ;
#1945 = CARTESIAN_POINT ( 'NONE',  ( -1.040834085586084257E-14, -6.399999999999999467, -2.919999999999999929 ) ) ;
#1946 = ADVANCED_FACE ( 'NONE', ( #2467 ), #1310, .T. ) ;
#1947 = CARTESIAN_POINT ( 'NONE',  ( -2.066987299999998751, 9.950000001092472957, -0.8561741729129473955 ) ) ;
#1948 = CARTESIAN_POINT ( 'NONE',  ( -3.903127820947815962E-15, 9.150000002184947689, 2.500000000000000444 ) ) ;
#1949 = SURFACE_STYLE_FILL_AREA ( #2420 ) ;
#1950 = CARTESIAN_POINT ( 'NONE',  ( -1.035533905932733534, 7.900000000000000355, -2.500000000000002220 ) ) ;
#1951 = CARTESIAN_POINT ( 'NONE',  ( -2.370986164273955143, 0.5000000000000000000, -4.678816582087982567 ) ) ;
#1952 = CARTESIAN_POINT ( 'NONE',  ( -1.767766952966365990, 8.750000000000000000, -1.767766952966371985 ) ) ;
#1953 = AXIS2_PLACEMENT_3D ( 'NONE', #1321, #2528, #1086 ) ;
#1954 = ORIENTED_EDGE ( 'NONE', *, *, #3013, .T. ) ;
#1955 = EDGE_CURVE ( 'NONE', #874, #1809, #2075, .T. ) ;
#1956 = CARTESIAN_POINT ( 'NONE',  ( -0.8561741729129415113, 10.05000000109247615, -2.066987300000001859 ) ) ;
#1957 = CARTESIAN_POINT ( 'NONE',  ( -2.500000000000002220, 8.900000000000000355, 1.035533905932732868 ) ) ;
#1958 = CARTESIAN_POINT ( 'NONE',  ( 3.436538956566628222, 10.07000000000000028, -3.436538956566615344 ) ) ;
#1959 = ORIENTED_EDGE ( 'NONE', *, *, #751, .F. ) ;
#1960 = CARTESIAN_POINT ( 'NONE',  ( -1.767766952966371985, 7.650000000000001243, 1.767766952966365990 ) ) ;
#1961 = AXIS2_PLACEMENT_3D ( 'NONE', #918, #1625, #398 ) ;
#1962 = ADVANCED_FACE ( 'NONE', ( #3037 ), #933, .F. ) ;
#1963 = CARTESIAN_POINT ( 'NONE',  ( -2.066987299999999639, 8.400000001092474022, -3.252606517456513302E-15 ) ) ;
#1964 = CARTESIAN_POINT ( 'NONE',  ( -2.500000000000000444, 8.150000002184949466, -3.686287386450715076E-15 ) ) ;
#1965 = DIRECTION ( 'NONE',  ( 0.000000000000000000, 1.000000000000000000, 0.000000000000000000 ) ) ;
#1966 = ADVANCED_FACE ( 'NONE', ( #1149 ), #1385, .T. ) ;
#1967 = VERTEX_POINT ( 'NONE', #2343 ) ;
#1968 = DIRECTION ( 'NONE',  ( 0.7071067811865485719, 0.000000000000000000, -0.7071067811865465735 ) ) ;
#1969 = CARTESIAN_POINT ( 'NONE',  ( -0.8561741729129415113, 10.05000000109247615, -2.066987300000001859 ) ) ;
#1970 = ORIENTED_EDGE ( 'NONE', *, *, #1343, .F. ) ;
#1971 = CARTESIAN_POINT ( 'NONE',  ( -2.066987300000001859, 10.25000000109247544, 0.8561741729129409562 ) ) ;
#1972 = SURFACE_SIDE_STYLE ('',( #1825 ) ) ;
#1973 = ORIENTED_EDGE ( 'NONE', *, *, #442, .T. ) ;
#1974 = CARTESIAN_POINT ( 'NONE',  ( -1.614673844711418171, 10.57500000163871157, -1.614673844711423722 ) ) ;
#1975 = CARTESIAN_POINT ( 'NONE',  ( -0.8561741729129475065, 7.750000001092475443, 2.066987299999998751 ) ) ;
#1976 = CARTESIAN_POINT ( 'NONE',  ( 2.500000000000002220, 10.20000000218495195, -1.035533905932733534 ) ) ;
#1977 = AXIS2_PLACEMENT_3D ( 'NONE', #2273, #172, #126 ) ;
#1978 = CARTESIAN_POINT ( 'NONE',  ( 0.000000000000000000, 10.07000000000000028, 0.000000000000000000 ) ) ;
#1979 = ORIENTED_EDGE ( 'NONE', *, *, #2748, .F. ) ;
#1980 = DIRECTION ( 'NONE',  ( 0.000000000000000000, 1.000000000000000000, 0.000000000000000000 ) ) ;
#1981 = CARTESIAN_POINT ( 'NONE',  ( 1.767766952966372207, 7.650000000000001243, -1.767766952966365546 ) ) ;
#1982 = AXIS2_PLACEMENT_3D ( 'NONE', #2787, #2551, #919 ) ;
#1983 = EDGE_LOOP ( 'NONE', ( #1906, #2390 ) ) ;
#1984 = AXIS2_PLACEMENT_3D ( 'NONE', #617, #2987, #2517 ) ;
#1985 = CARTESIAN_POINT ( 'NONE',  ( 3.469446951953614189E-15, 10.00000000109247544, -2.066987300000000083 ) ) ;
#1986 = CARTESIAN_POINT ( 'NONE',  ( -2.066841469743668558, 7.650000000000001243, 0.2729566057096215470 ) ) ;
#1987 = DIRECTION ( 'NONE',  ( -0.7071067811865487940, 0.000000000000000000, 0.7071067811865461294 ) ) ;
#1988 = VERTEX_POINT ( 'NONE', #2058 ) ;
#1989 = CARTESIAN_POINT ( 'NONE',  ( -1.767766952966371763, 8.150000000000000355, 1.767766952966366212 ) ) ;
#1990 = ADVANCED_FACE ( 'NONE', ( #1821, #2109 ), #2355, .T. ) ;
#1991 = DIRECTION ( 'NONE',  ( -0.7071067811865482389, 0.000000000000000000, 0.7071067811865469066 ) ) ;
#1992 = CARTESIAN_POINT ( 'NONE',  ( -3.903127820947815962E-15, 8.350000002184950532, 2.500000000000000444 ) ) ;
#1993 =( BOUNDED_CURVE ( )  B_SPLINE_CURVE ( 2, ( #2444, #288, #737, #533, #772, #2185, #2168, #1223, #1007, #518, #2622, #1204, #69, #319, #2385, #1947, #2855, #486, #306, #1019, #1681, #52, #993, #1935, #2869, #1666, #1458, #786, #752, #1249, #2418, #2666, #1471, #977, #97, #2638, #1440, #503, #2399, #1725, #2677, #2201, #1697, #2652, #1235, #2918, #1963, #2898, #84, #2883, #1712, #1427, #551, #1486, #333, #1031, #1261, #2216, #111, #1975, #273, #2149, #612 ),
 .UNSPECIFIED., .F., .F. ) 
 B_SPLINE_CURVE_WITH_KNOTS ( ( 3, 2, 2, 2, 2, 2, 2, 2, 2, 2, 2, 2, 2, 2, 2, 2, 2, 2, 2, 2, 2, 2, 2, 2, 2, 2, 2, 2, 2, 2, 2, 3 ),
 ( 0.000000000000000000, 0.02500000000000000486, 0.05000000000000000971, 0.07499999999999999722, 0.1000000000000000194, 0.1250000000000000000, 0.1499999999999999944, 0.1749999999999999611, 0.2000000000000000389, 0.2250000000000000056, 0.2500000000000000000, 0.2750000000000000222, 0.2999999999999999889, 0.3250000000000000111, 0.3499999999999999223, 0.3750000000000000555, 0.4000000000000000777, 0.4249999999999999889, 0.4500000000000000111, 0.4749999999999999778, 0.5000000000000000000, 0.5250000000000000222, 0.5500000000000000444, 0.5749999999999999556, 0.5999999999999999778, 0.6250000000000000000, 0.6500000000000000222, 0.6750000000000000444, 0.6999999999999998446, 0.7249999999999998668, 0.7500000000000001110, 0.7625000002627084772 ),
 .UNSPECIFIED. ) 
 CURVE ( )  GEOMETRIC_REPRESENTATION_ITEM ( )  RATIONAL_B_SPLINE_CURVE ( ( 1.000000000000000000, 0.9238795325112867385, 1.000000000000000000, 0.9238795325112867385, 1.000000000000000000, 0.9238795325112867385, 1.000000000000000000, 0.9238795325112867385, 1.000000000000000000, 0.9238795325112867385, 1.000000000000000000, 0.9238795325112867385, 1.000000000000000000, 0.9238795325112867385, 1.000000000000000000, 0.9238795325112867385, 1.000000000000000000, 0.9238795325112867385, 1.000000000000000000, 0.9238795325112867385, 1.000000000000000000, 0.9238795325112867385, 1.000000000000000000, 0.9238795325112867385, 1.000000000000000000, 0.9238795325112867385, 1.000000000000000000, 0.9238795325112867385, 1.000000000000000000, 0.9238795325112867385, 1.000000000000000000, 0.9238795325112867385, 1.000000000000000000, 0.9238795325112867385, 1.000000000000000000, 0.9238795325112867385, 1.000000000000000000, 0.9238795325112867385, 1.000000000000000000, 0.9238795325112867385, 1.000000000000000000, 0.9238795325112867385, 1.000000000000000000, 0.9238795325112867385, 1.000000000000000000, 0.9238795325112867385, 1.000000000000000000, 0.9238795325112867385, 1.000000000000000000, 0.9238795325112867385, 1.000000000000000000, 0.9238795325112867385, 1.000000000000000000, 0.9238795325112867385, 1.000000000000000000, 0.9238795325112867385, 1.000000000000000000, 0.9238795325112867385, 1.000000000000000000, 0.9238795325112867385, 1.000000000000000000, 0.9619397654557437782, 0.9619397662556434803 ) ) 
 REPRESENTATION_ITEM ( '' )  );
#1994 = FACE_OUTER_BOUND ( 'NONE', #1093, .T. ) ;
#1995 = CARTESIAN_POINT ( 'NONE',  ( -1.035533905932739529, 9.900000002184947689, 2.499999999999998224 ) ) ;
#1996 = CIRCLE ( 'NONE', #2396, 4.110000000000001208 ) ;
#1997 = CYLINDRICAL_SURFACE ( 'NONE', #1613, 4.570000000000001172 ) ;
#1998 = FACE_OUTER_BOUND ( 'NONE', #811, .T. ) ;
#1999 = CARTESIAN_POINT ( 'NONE',  ( 4.336808689942017736E-15, 10.25000000000000000, -2.500000000000000444 ) ) ;
#2000 = CIRCLE ( 'NONE', #1853, 0.3499999999999998668 ) ;
#2001 = ORIENTED_EDGE ( 'NONE', *, *, #1931, .F. ) ;
#2002 = ORIENTED_EDGE ( 'NONE', *, *, #2969, .T. ) ;
#2003 = CARTESIAN_POINT ( 'NONE',  ( -2.066987299999999195, 7.750000001092475443, -0.8561741729129475065 ) ) ;
#2004 = ORIENTED_EDGE ( 'NONE', *, *, #723, .T. ) ;
#2005 = CIRCLE ( 'NONE', #1258, 0.7499999999999997780 ) ;
#2006 = DIRECTION ( 'NONE',  ( -0.7071067811865487940, 0.000000000000000000, 0.7071067811865463515 ) ) ;
#2007 = CARTESIAN_POINT ( 'NONE',  ( 2.064751801064715231, -6.399999999999999467, 2.064751801064722336 ) ) ;
#2008 = DIRECTION ( 'NONE',  ( 0.7071067811865482389, 0.000000000000000000, -0.7071067811865467956 ) ) ;
#2009 = EDGE_CURVE ( 'NONE', #2865, #1967, #2358, .T. ) ;
#2010 = AXIS2_PLACEMENT_3D ( 'NONE', #1491, #2448, #337 ) ;
#2011 = CYLINDRICAL_SURFACE ( 'NONE', #2552, 0.2249999999999999223 ) ;
#2012 = DIRECTION ( 'NONE',  ( 0.000000000000000000, 1.000000000000000000, 0.000000000000000000 ) ) ;
#2013 = CARTESIAN_POINT ( 'NONE',  ( -2.338257111390023457, 0.000000000000000000, -1.791246490739414998 ) ) ;
#2014 = CARTESIAN_POINT ( 'NONE',  ( 1.767766952966371985, 9.450000002184950176, -1.767766952966365990 ) ) ;
#2015 = CARTESIAN_POINT ( 'NONE',  ( -0.1590990257669835650, 0.1000000000000000056, -2.760900974233027494 ) ) ;
#2016 = CARTESIAN_POINT ( 'NONE',  ( 1.461580736456470353, 9.700000001092474733, 1.461580736456474794 ) ) ;
#2017 = ORIENTED_EDGE ( 'NONE', *, *, #1496, .F. ) ;
#2018 = ORIENTED_EDGE ( 'NONE', *, *, #1823, .F. ) ;
#2019 = CARTESIAN_POINT ( 'NONE',  ( 1.461580736456475016, 8.300000001092474378, -1.461580736456470131 ) ) ;
#2020 = CARTESIAN_POINT ( 'NONE',  ( -2.223850826831688554, 0.000000000000000000, -1.905652775297749457 ) ) ;
#2021 = FACE_OUTER_BOUND ( 'NONE', #205, .T. ) ;
#2022 = DIRECTION ( 'NONE',  ( 0.000000000000000000, -1.000000000000000000, -0.000000000000000000 ) ) ;
#2023 = ORIENTED_EDGE ( 'NONE', *, *, #367, .F. ) ;
#2024 = DIRECTION ( 'NONE',  ( 0.000000000000000000, 1.000000000000000000, 0.000000000000000000 ) ) ;
#2025 = CYLINDRICAL_SURFACE ( 'NONE', #2480, 4.650000000000002132 ) ;
#2026 = CARTESIAN_POINT ( 'NONE',  ( -1.040834085586084257E-14, 0.000000000000000000, -2.919999999999999929 ) ) ;
#2027 = STYLED_ITEM ( 'NONE', ( #411 ), #2885 ) ;
#2028 = LINE ( 'NONE', #383, #2208 ) ;
#2029 = CIRCLE ( 'NONE', #2482, 0.2249999999999995337 ) ;
#2030 = DIRECTION ( 'NONE',  ( 0.000000000000000000, -1.000000000000000000, 0.000000000000000000 ) ) ;
#2031 = ORIENTED_EDGE ( 'NONE', *, *, #2382, .T. ) ;
#2032 = ORIENTED_EDGE ( 'NONE', *, *, #896, .T. ) ;
#2033 = CARTESIAN_POINT ( 'NONE',  ( -1.461580736456470131, 8.500000001092473667, -1.461580736456475016 ) ) ;
#2034 = CARTESIAN_POINT ( 'NONE',  ( -1.668772003600248022, 0.1000000000000000056, -2.460731598529188435 ) ) ;
#2035 = ORIENTED_EDGE ( 'NONE', *, *, #1260, .T. ) ;
#2036 = DIRECTION ( 'NONE',  ( -0.7071067811865487940, 0.000000000000000000, 0.7071067811865461294 ) ) ;
#2037 = CARTESIAN_POINT ( 'NONE',  ( 1.767766952966372207, 11.15000000000000213, -1.767766952966365546 ) ) ;
#2038 = AXIS2_PLACEMENT_3D ( 'NONE', #1872, #2812, #1434 ) ;
#2039 = ADVANCED_FACE ( 'NONE', ( #2327 ), #873, .T. ) ;
#2040 = CARTESIAN_POINT ( 'NONE',  ( 1.767766952966372207, 7.650000000000001243, -1.767766952966365546 ) ) ;
#2041 = DIRECTION ( 'NONE',  ( 0.000000000000000000, 1.000000000000000000, 0.000000000000000000 ) ) ;
#2042 = FACE_BOUND ( 'NONE', #2259, .T. ) ;
#2043 = ORIENTED_EDGE ( 'NONE', *, *, #2923, .F. ) ;
#2044 = CARTESIAN_POINT ( 'NONE',  ( 1.461580736456475016, 10.70000000109247473, -1.461580736456470131 ) ) ;
#2045 = DIRECTION ( 'NONE',  ( 0.000000000000000000, -1.000000000000000000, 0.000000000000000000 ) ) ;
#2046 = CARTESIAN_POINT ( 'NONE',  ( -2.001539421187300771, 7.649999999999995914, -0.5333343844926899946 ) ) ;
#2047 = EDGE_CURVE ( 'NONE', #609, #727, #2530, .T. ) ;
#2048 = VERTEX_POINT ( 'NONE', #631 ) ;
#2049 = CARTESIAN_POINT ( 'NONE',  ( 2.312239174480007264, 0.1000000000000000056, 1.817264427649431413 ) ) ;
#2050 = DIRECTION ( 'NONE',  ( -0.7071067811865487940, 0.000000000000000000, 0.7071067811865463515 ) ) ;
#2051 = CARTESIAN_POINT ( 'NONE',  ( -1.040834085586084257E-14, 0.1000000000000000056, -2.919999999999999929 ) ) ;
#2052 = CIRCLE ( 'NONE', #2406, 0.2249999999999999223 ) ;
#2053 = ADVANCED_FACE ( 'NONE', ( #902 ), #1805, .F. ) ;
#2054 = DIRECTION ( 'NONE',  ( 0.000000000000000000, -1.000000000000000000, -0.000000000000000000 ) ) ;
#2055 = DIRECTION ( 'NONE',  ( 0.000000000000000000, 1.000000000000000000, 0.000000000000000000 ) ) ;
#2056 = CARTESIAN_POINT ( 'NONE',  ( 2.500000000000000444, 10.05000000000000071, 4.119968255444916849E-15 ) ) ;
#2057 = VECTOR ( 'NONE', #1304, 1000.000000000000000 ) ;
#2058 = CARTESIAN_POINT ( 'NONE',  ( -1.378858223313770059, 7.650000000000001243, 1.378858223313765174 ) ) ;
#2059 = CIRCLE ( 'NONE', #1516, 4.150000000000001243 ) ;
#2060 = CARTESIAN_POINT ( 'NONE',  ( 1.817264427649423197, 0.000000000000000000, 2.312239174480013482 ) ) ;
#2061 = ADVANCED_FACE ( 'NONE', ( #237 ), #720, .T. ) ;
#2062 = ORIENTED_EDGE ( 'NONE', *, *, #1931, .T. ) ;
#2063 = FACE_OUTER_BOUND ( 'NONE', #795, .T. ) ;
#2064 = AXIS2_PLACEMENT_3D ( 'NONE', #2955, #170, #2036 ) ;
#2065 = ORIENTED_EDGE ( 'NONE', *, *, #1505, .F. ) ;
#2066 = CARTESIAN_POINT ( 'NONE',  ( 3.469446951953614189E-15, 9.800000001092474378, -2.066987300000000083 ) ) ;
#2067 = DIRECTION ( 'NONE',  ( 0.000000000000000000, 1.000000000000000000, 0.000000000000000000 ) ) ;
#2068 = CARTESIAN_POINT ( 'NONE',  ( -0.7910017786516384541, 7.650000000000000355, -1.909647267044684904 ) ) ;
#2069 = DIRECTION ( 'NONE',  ( 0.000000000000000000, -1.000000000000000000, 0.000000000000000000 ) ) ;
#2070 = CARTESIAN_POINT ( 'NONE',  ( 2.500000000000000444, 10.05000000000000071, 4.119968255444916849E-15 ) ) ;
#2071 = CIRCLE ( 'NONE', #1135, 0.2249999999999995337 ) ;
#2072 = FACE_BOUND ( 'NONE', #1153, .T. ) ;
#2073 = CARTESIAN_POINT ( 'NONE',  ( -1.035533905932740861, 9.799999999999998934, 2.499999999999999112 ) ) ;
#2074 = CARTESIAN_POINT ( 'NONE',  ( -1.378858223313770059, 6.650000000000001243, 1.378858223313765174 ) ) ;
#2075 = LINE ( 'NONE', #416, #926 ) ;
#2076 = LINE ( 'NONE', #1133, #2329 ) ;
#2077 = CIRCLE ( 'NONE', #3015, 0.2249999999999995060 ) ;
#2078 = EDGE_LOOP ( 'NONE', ( #2988, #1630, #380, #2174 ) ) ;
#2079 = DIRECTION ( 'NONE',  ( 0.000000000000000000, 1.000000000000000000, 0.000000000000000000 ) ) ;
#2080 = CARTESIAN_POINT ( 'NONE',  ( -0.2735053103253188289, 0.000000000000000000, -2.646494689674692591 ) ) ;
#2081 = EDGE_CURVE ( 'NONE', #453, #2833, #2059, .T. ) ;
#2082 = EDGE_CURVE ( 'NONE', #304, #543, #327, .T. ) ;
#2083 = ORIENTED_EDGE ( 'NONE', *, *, #1724, .F. ) ;
#2084 = CARTESIAN_POINT ( 'NONE',  ( -2.500000000000000444, 7.350000002184949643, -3.686287386450715076E-15 ) ) ;
#2085 = CARTESIAN_POINT ( 'NONE',  ( -2.066987300000001859, 8.450000001092474733, 0.8561741729129409562 ) ) ;
#2086 = CARTESIAN_POINT ( 'NONE',  ( 1.524346487392912897, 7.650000000000003020, -1.749128039131310652 ) ) ;
#2087 = FACE_OUTER_BOUND ( 'NONE', #402, .T. ) ;
#2088 = CARTESIAN_POINT ( 'NONE',  ( 4.336808689942017736E-15, 9.550000002184949821, -2.500000000000000444 ) ) ;
#2089 = STYLED_ITEM ( 'NONE', ( #1488 ), #1813 ) ;
#2090 = CARTESIAN_POINT ( 'NONE',  ( 1.767766952966371985, 10.94999999999999929, -1.767766952966365990 ) ) ;
#2091 = LINE ( 'NONE', #2531, #2563 ) ;
#2092 =( LENGTH_UNIT ( ) NAMED_UNIT ( * ) SI_UNIT ( .MILLI., .METRE. ) );
#2093 = ORIENTED_EDGE ( 'NONE', *, *, #184, .F. ) ;
#2094 = CARTESIAN_POINT ( 'NONE',  ( -1.461580736456470131, 10.90000000109247580, -1.461580736456475016 ) ) ;
#2095 =( BOUNDED_CURVE ( )  B_SPLINE_CURVE ( 2, ( #930, #683, #2070, #3016, #1222, #2148, #1901, #975, #992 ),
 .UNSPECIFIED., .F., .F. ) 
 B_SPLINE_CURVE_WITH_KNOTS ( ( 3, 2, 2, 2, 3 ),
 ( 0.2500000000000002220, 0.2750000000000002442, 0.3000000000000001554, 0.3250000000000001776, 0.3500000000000000888 ),
 .UNSPECIFIED. ) 
 CURVE ( )  GEOMETRIC_REPRESENTATION_ITEM ( )  RATIONAL_B_SPLINE_CURVE ( ( 0.9999999999999993339, 0.9238795325112874046, 1.000000000000000000, 0.9238795325112867385, 1.000000000000000000, 0.9238795325112867385, 1.000000000000000000, 0.9238795325112864054, 1.000000000000000444 ) ) 
 REPRESENTATION_ITEM ( '' )  );
#2096 = AXIS2_PLACEMENT_3D ( 'NONE', #2696, #817, #2446 ) ;
#2097 = EDGE_LOOP ( 'NONE', ( #2961, #607, #920, #1468 ) ) ;
#2098 = CARTESIAN_POINT ( 'NONE',  ( 2.500000000000002220, 7.000000002184950887, -1.035533905932733534 ) ) ;
#2099 =( GEOMETRIC_REPRESENTATION_CONTEXT ( 3 ) GLOBAL_UNCERTAINTY_ASSIGNED_CONTEXT ( ( #2595 ) ) GLOBAL_UNIT_ASSIGNED_CONTEXT ( ( #1844, #1741, #2692 ) ) REPRESENTATION_CONTEXT ( 'NONE', 'WORKASPACE' ) );
#2100 = CARTESIAN_POINT ( 'NONE',  ( -0.8561741729129415113, 8.250000001092473667, -2.066987300000001859 ) ) ;
#2101 = EDGE_CURVE ( 'NONE', #384, #609, #835, .T. ) ;
#2102 = CARTESIAN_POINT ( 'NONE',  ( -0.8561741729129415113, 7.450000001092475621, -2.066987300000001859 ) ) ;
#2103 = DIRECTION ( 'NONE',  ( 0.000000000000000000, 1.000000000000000000, 0.000000000000000000 ) ) ;
#2104 = EDGE_CURVE ( 'NONE', #142, #2662, #626, .T. ) ;
#2105 = CARTESIAN_POINT ( 'NONE',  ( -2.906208870676715517, 10.07000000000000028, 2.906208870676705747 ) ) ;
#2106 = CIRCLE ( 'NONE', #1555, 0.1499999999999991340 ) ;
#2107 = SURFACE_SIDE_STYLE ('',( #931 ) ) ;
#2108 = PLANE ( 'NONE',  #914 ) ;
#2109 = FACE_OUTER_BOUND ( 'NONE', #2635, .T. ) ;
#2110 = CARTESIAN_POINT ( 'NONE',  ( -1.856578267053111464, 7.650000000000000355, 0.9730510570951245164 ) ) ;
#2111 = AXIS2_PLACEMENT_3D ( 'NONE', #2626, #2872, #504 ) ;
#2112 = ORIENTED_EDGE ( 'NONE', *, *, #203, .T. ) ;
#2113 = CARTESIAN_POINT ( 'NONE',  ( 2.500000000000001776, 7.700000000000001066, -1.035533905932738419 ) ) ;
#2114 = FACE_BOUND ( 'NONE', #1983, .T. ) ;
#2115 = ORIENTED_EDGE ( 'NONE', *, *, #2815, .F. ) ;
#2116 = CARTESIAN_POINT ( 'NONE',  ( 0.8561741729129421774, 8.850000001092475088, 2.066987300000001859 ) ) ;
#2117 = CARTESIAN_POINT ( 'NONE',  ( 0.8561741729129421774, 8.650000001092475799, 2.066987300000001859 ) ) ;
#2118 =( BOUNDED_CURVE ( )  B_SPLINE_CURVE ( 2, ( #1891, #947, #1684, #1461, #24 ),
 .UNSPECIFIED., .F., .T. ) 
 B_SPLINE_CURVE_WITH_KNOTS ( ( 3, 2, 3 ),
 ( 0.000000000000000000, 0.02500000000000006731, 0.05000000000000013461 ),
 .UNSPECIFIED. ) 
 CURVE ( )  GEOMETRIC_REPRESENTATION_ITEM ( )  RATIONAL_B_SPLINE_CURVE ( ( 1.000000000000000000, 0.9238795325112867385, 1.000000000000000000, 0.9238795325112862944, 1.000000000000000444 ) ) 
 REPRESENTATION_ITEM ( '' )  );
#2119 = LINE ( 'NONE', #20, #312 ) ;
#2120 = CARTESIAN_POINT ( 'NONE',  ( -2.066987299999999639, 7.800000001092475266, -3.252606517456513302E-15 ) ) ;
#2121 = ORIENTED_EDGE ( 'NONE', *, *, #2730, .T. ) ;
#2122 = DIRECTION ( 'NONE',  ( 0.6123724356957950254, 0.5000000000000016653, -0.6123724356957926940 ) ) ;
#2123 = CARTESIAN_POINT ( 'NONE',  ( 1.378858223313770281, 7.650000000000001243, -1.378858223313764952 ) ) ;
#2124 = LINE ( 'NONE', #1875, #1710 ) ;
#2125 = CARTESIAN_POINT ( 'NONE',  ( -1.040834085586084257E-14, -6.399999999999999467, -2.919999999999999929 ) ) ;
#2126 = CARTESIAN_POINT ( 'NONE',  ( -0.1590897106389844995, 7.650000000000000355, 2.314727449556678529 ) ) ;
#2127 = ORIENTED_EDGE ( 'NONE', *, *, #2697, .T. ) ;
#2128 = DIRECTION ( 'NONE',  ( 0.7071067811865487940, 0.000000000000000000, -0.7071067811865463515 ) ) ;
#2129 = ADVANCED_FACE ( 'NONE', ( #565 ), #582, .T. ) ;
#2130 = DIRECTION ( 'NONE',  ( 0.7071067811865487940, 0.000000000000000000, -0.7071067811865463515 ) ) ;
#2131 = ORIENTED_EDGE ( 'NONE', *, *, #2926, .T. ) ;
#2132 = CARTESIAN_POINT ( 'NONE',  ( 0.8561741729129421774, 9.450000001092474733, 2.066987300000001859 ) ) ;
#2133 = CARTESIAN_POINT ( 'NONE',  ( -3.903127820947815962E-15, 9.950000002184948400, 2.500000000000000444 ) ) ;
#2134 = CARTESIAN_POINT ( 'NONE',  ( -2.066987299999999195, 7.750000001092475443, -0.8561741729129475065 ) ) ;
#2135 = CARTESIAN_POINT ( 'NONE',  ( 1.461580736456470353, 8.100000001092475088, 1.461580736456474794 ) ) ;
#2136 = CIRCLE ( 'NONE', #1732, 4.150000000000001243 ) ;
#2137 = DIRECTION ( 'NONE',  ( -0.7071067811865486830, 0.000000000000000000, 0.7071067811865462405 ) ) ;
#2138 = CARTESIAN_POINT ( 'NONE',  ( 1.035533905932734422, 8.700000002184951953, -2.499999999999998668 ) ) ;
#2139 = AXIS2_PLACEMENT_3D ( 'NONE', #1824, #353, #841 ) ;
#2140 = CARTESIAN_POINT ( 'NONE',  ( -1.040834085586084257E-14, 0.000000000000000000, -2.919999999999999929 ) ) ;
#2141 = ORIENTED_EDGE ( 'NONE', *, *, #2, .T. ) ;
#2142 = AXIS2_PLACEMENT_3D ( 'NONE', #754, #1699, #2188 ) ;
#2143 = CARTESIAN_POINT ( 'NONE',  ( -2.066987299999999639, 10.20000000109247651, -3.252606517456513302E-15 ) ) ;
#2144 = SURFACE_SIDE_STYLE ('',( #265 ) ) ;
#2145 = ORIENTED_EDGE ( 'NONE', *, *, #1634, .F. ) ;
#2146 = CARTESIAN_POINT ( 'NONE',  ( -0.8561741729129415113, 10.65000000109247758, -2.066987300000001859 ) ) ;
#2147 = EDGE_CURVE ( 'NONE', #1483, #2539, #2479, .T. ) ;
#2148 = CARTESIAN_POINT ( 'NONE',  ( 1.035533905932733978, 9.900000000000000355, 2.500000000000002220 ) ) ;
#2149 = CARTESIAN_POINT ( 'NONE',  ( -1.752307227213393270, 7.675989153815294230, 1.170854245699550322 ) ) ;
#2150 = ADVANCED_FACE ( 'NONE', ( #1522 ), #332, .F. ) ;
#2151 = CARTESIAN_POINT ( 'NONE',  ( 2.223850826831688554, -6.399999999999999467, 1.905652775297749457 ) ) ;
#2152 = CARTESIAN_POINT ( 'NONE',  ( 1.461580736456470353, 10.50000000109247544, 1.461580736456474794 ) ) ;
#2153 = EDGE_CURVE ( 'NONE', #142, #304, #2897, .T. ) ;
#2154 = CARTESIAN_POINT ( 'NONE',  ( -1.372599539574684169, 0.1000000000000000056, -4.358998796049315061 ) ) ;
#2155 = EDGE_LOOP ( 'NONE', ( #2807, #2909, #2191, #2806 ) ) ;
#2156 = AXIS2_PLACEMENT_3D ( 'NONE', #2026, #644, #1524 ) ;
#2157 = CARTESIAN_POINT ( 'NONE',  ( -0.8561741729129415113, 10.05000000109247438, -2.066987300000001415 ) ) ;
#2158 = DIRECTION ( 'NONE',  ( 0.000000000000000000, -1.000000000000000000, 0.000000000000000000 ) ) ;
#2159 = ADVANCED_FACE ( 'NONE', ( #1018 ), #991, .F. ) ;
#2160 = VECTOR ( 'NONE', #2958, 1000.000000000000227 ) ;
#2161 = AXIS2_PLACEMENT_3D ( 'NONE', #1301, #637, #2475 ) ;
#2162 = ORIENTED_EDGE ( 'NONE', *, *, #1049, .T. ) ;
#2163 = CARTESIAN_POINT ( 'NONE',  ( -0.8561741729129415113, 8.450000001092476509, -2.066987300000001859 ) ) ;
#2164 = CARTESIAN_POINT ( 'NONE',  ( 2.066987299999998751, 7.950000001092473845, 0.8561741729129487277 ) ) ;
#2165 = CYLINDRICAL_SURFACE ( 'NONE', #2430, 2.500000000000000444 ) ;
#2166 = EDGE_LOOP ( 'NONE', ( #30, #688, #1026, #1092 ) ) ;
#2167 = CARTESIAN_POINT ( 'NONE',  ( -0.3959797974644565510, 0.1000000000000000056, 3.315979797464465140 ) ) ;
#2168 = CARTESIAN_POINT ( 'NONE',  ( 2.066987299999999639, 10.40000000109247402, 3.252606517456513302E-15 ) ) ;
#2169 = CARTESIAN_POINT ( 'NONE',  ( 2.500000000000000444, 9.350000002184948755, 4.119968255444916849E-15 ) ) ;
#2170 = CARTESIAN_POINT ( 'NONE',  ( -1.767766952966371763, 8.949999999999999289, 1.767766952966366212 ) ) ;
#2171 = CYLINDRICAL_SURFACE ( 'NONE', #2142, 2.500000000000000444 ) ;
#2172 = ADVANCED_FACE ( 'NONE', ( #2651 ), #2227, .T. ) ;
#2173 = CARTESIAN_POINT ( 'NONE',  ( -1.767766952966371985, 7.650000000000001243, 1.767766952966365990 ) ) ;
#2174 = ORIENTED_EDGE ( 'NONE', *, *, #2287, .F. ) ;
#2175 = CARTESIAN_POINT ( 'NONE',  ( 2.066987299999999639, 9.800000001092474378, 3.252606517456513302E-15 ) ) ;
#2176 = CARTESIAN_POINT ( 'NONE',  ( 2.066987299999998751, 7.950000001092473845, 0.8561741729129487277 ) ) ;
#2177 = ORIENTED_EDGE ( 'NONE', *, *, #1396, .T. ) ;
#2178 = EDGE_CURVE ( 'NONE', #2492, #1317, #124, .T. ) ;
#2179 = CARTESIAN_POINT ( 'NONE',  ( -2.066987299999999639, 9.400000001092475799, -3.252606517456513302E-15 ) ) ;
#2180 =( GEOMETRIC_REPRESENTATION_CONTEXT ( 3 ) GLOBAL_UNCERTAINTY_ASSIGNED_CONTEXT ( ( #2832 ) ) GLOBAL_UNIT_ASSIGNED_CONTEXT ( ( #1187, #1158, #3011 ) ) REPRESENTATION_CONTEXT ( 'NONE', 'WORKASPACE' ) );
#2181 = CARTESIAN_POINT ( 'NONE',  ( 2.500000000000002220, 10.90000000000000036, -1.035533905932733534 ) ) ;
#2182 = DIRECTION ( 'NONE',  ( -0.7071067811865486830, 0.000000000000000000, 0.7071067811865462405 ) ) ;
#2183 = ORIENTED_EDGE ( 'NONE', *, *, #896, .F. ) ;
#2184 = FACE_OUTER_BOUND ( 'NONE', #1214, .T. ) ;
#2185 = CARTESIAN_POINT ( 'NONE',  ( 2.066987300000001415, 10.45000000109247473, -0.8561741729129417333 ) ) ;
#2186 = CARTESIAN_POINT ( 'NONE',  ( -2.500000000000002220, 8.200000002184948400, 1.035533905932732868 ) ) ;
#2187 = CARTESIAN_POINT ( 'NONE',  ( 1.767766952966371985, 10.25000000218494911, -1.767766952966365990 ) ) ;
#2188 = DIRECTION ( 'NONE',  ( -0.7071067811865486830, 0.000000000000000000, 0.7071067811865462405 ) ) ;
#2189 = DIRECTION ( 'NONE',  ( -0.7071067811865486830, 0.000000000000000000, 0.7071067811865462405 ) ) ;
#2190 = EDGE_CURVE ( 'NONE', #543, #341, #1374, .T. ) ;
#2191 = ORIENTED_EDGE ( 'NONE', *, *, #1528, .T. ) ;
#2192 = CARTESIAN_POINT ( 'NONE',  ( -3.252606517456513302E-15, 8.800000001092476154, 2.066987300000000083 ) ) ;
#2193 = CIRCLE ( 'NONE', #1201, 0.3499999999999998668 ) ;
#2194 = ORIENTED_EDGE ( 'NONE', *, *, #449, .F. ) ;
#2195 = EDGE_CURVE ( 'NONE', #1900, #1756, #1148, .T. ) ;
#2196 = CARTESIAN_POINT ( 'NONE',  ( -2.066987300000001859, 8.650000001092475799, 0.8561741729129409562 ) ) ;
#2197 =( NAMED_UNIT ( * ) SI_UNIT ( $, .STERADIAN. ) SOLID_ANGLE_UNIT ( ) );
#2198 = ORIENTED_EDGE ( 'NONE', *, *, #1623, .T. ) ;
#2199 = ADVANCED_FACE ( 'NONE', ( #2184 ), #2676, .T. ) ;
#2200 = CARTESIAN_POINT ( 'NONE',  ( 1.767766952966371985, 9.350000000000001421, -1.767766952966365990 ) ) ;
#2201 = CARTESIAN_POINT ( 'NONE',  ( 0.8561741729129421774, 8.650000001092475799, 2.066987300000001415 ) ) ;
#2202 = CARTESIAN_POINT ( 'NONE',  ( 2.499999999999998668, 9.300000002184949821, 1.035533905932741972 ) ) ;
#2203 = CARTESIAN_POINT ( 'NONE',  ( 0.3959797974644774787, 0.1000000000000000056, 2.524020202535534274 ) ) ;
#2204 = CARTESIAN_POINT ( 'NONE',  ( 2.500000000000001776, 10.20000000218494662, -1.035533905932727539 ) ) ;
#2205 = CARTESIAN_POINT ( 'NONE',  ( 1.040834085586084257E-14, -6.399999999999999467, 2.919999999999999929 ) ) ;
#2206 = ORIENTED_EDGE ( 'NONE', *, *, #989, .T. ) ;
#2207 = CARTESIAN_POINT ( 'NONE',  ( -3.903127820947815962E-15, 8.350000002184950532, 2.500000000000000444 ) ) ;
#2208 = VECTOR ( 'NONE', #1509, 1000.000000000000000 ) ;
#2209 = ORIENTED_EDGE ( 'NONE', *, *, #315, .F. ) ;
#2210 = CARTESIAN_POINT ( 'NONE',  ( -1.461580736456470131, 10.90000000109247580, -1.461580736456475016 ) ) ;
#2211 = PRODUCT ( 'TO39_– FOV 55', 'TO39_– FOV 55', '', ( #2707 ) ) ;
#2212 = VECTOR ( 'NONE', #1485, 999.9999999999998863 ) ;
#2213 = ORIENTED_EDGE ( 'NONE', *, *, #770, .T. ) ;
#2214 = CARTESIAN_POINT ( 'NONE',  ( -1.035533905932745968, 9.000000000000005329, 2.499999999999999556 ) ) ;
#2215 = AXIS2_PLACEMENT_3D ( 'NONE', #2708, #580, #2574 ) ;
#2216 = CARTESIAN_POINT ( 'NONE',  ( 0.8561741729129421774, 7.850000001092474200, 2.066987300000001415 ) ) ;
#2217 = DIRECTION ( 'NONE',  ( 0.9238795325112851842, 0.000000000000000000, -0.3826834323650937786 ) ) ;
#2218 = CARTESIAN_POINT ( 'NONE',  ( -2.499999999999999112, 8.800000000000000711, -1.035533905932740639 ) ) ;
#2219 = CARTESIAN_POINT ( 'NONE',  ( 2.064751801064715231, -6.399999999999999467, 2.064751801064722336 ) ) ;
#2220 = CARTESIAN_POINT ( 'NONE',  ( -2.232404234397263210, 0.5000000000000000000, -4.736219096942746454 ) ) ;
#2221 = EDGE_LOOP ( 'NONE', ( #2372, #190, #1299, #2393 ) ) ;
#2222 = ORIENTED_EDGE ( 'NONE', *, *, #284, .T. ) ;
#2223 = ADVANCED_FACE ( 'NONE', ( #2443 ), #976, .T. ) ;
#2224 = CARTESIAN_POINT ( 'NONE',  ( -0.8561741729129415113, 10.85000000109247509, -2.066987300000001859 ) ) ;
#2225 = AXIS2_PLACEMENT_3D ( 'NONE', #28, #1389, #953 ) ;
#2226 = VERTEX_POINT ( 'NONE', #2049 ) ;
#2227 = CYLINDRICAL_SURFACE ( 'NONE', #2996, 0.2249999999999995060 ) ;
#2228 = CIRCLE ( 'NONE', #1422, 4.650000000000001243 ) ;
#2229 = CARTESIAN_POINT ( 'NONE',  ( 1.040834085586084257E-14, -6.399999999999999467, 2.919999999999999929 ) ) ;
#2230 = CARTESIAN_POINT ( 'NONE',  ( -1.035533905932740861, 9.100000002184948755, 2.499999999999999112 ) ) ;
#2231 = CIRCLE ( 'NONE', #892, 4.150000000000001243 ) ;
#2232 = CARTESIAN_POINT ( 'NONE',  ( -2.338257111390023457, 0.000000000000000000, -1.791246490739414998 ) ) ;
#2233 = CARTESIAN_POINT ( 'NONE',  ( 4.336808689942017736E-15, 9.449999999999999289, -2.500000000000000444 ) ) ;
#2234 = ORIENTED_EDGE ( 'NONE', *, *, #2599, .F. ) ;
#2235 = DIRECTION ( 'NONE',  ( -0.4999999999999995004, -0.7071067811865493491, 0.4999999999999979461 ) ) ;
#2236 = CARTESIAN_POINT ( 'NONE',  ( 0.000000000000000000, 11.65000000000000036, 0.000000000000000000 ) ) ;
#2237 = CARTESIAN_POINT ( 'NONE',  ( -2.066987299999999639, 9.400000001092475799, -3.252606517456513302E-15 ) ) ;
#2238 = DIRECTION ( 'NONE',  ( 0.000000000000000000, 1.000000000000000000, 0.000000000000000000 ) ) ;
#2239 = ORIENTED_EDGE ( 'NONE', *, *, #414, .T. ) ;
#2240 = ORIENTED_EDGE ( 'NONE', *, *, #1307, .T. ) ;
#2241 = CIRCLE ( 'NONE', #131, 2.500000000000000444 ) ;
#2242 = CARTESIAN_POINT ( 'NONE',  ( -0.8561741729129415113, 8.450000001092476509, -2.066987300000001859 ) ) ;
#2243 = ADVANCED_FACE ( 'NONE', ( #875 ), #2726, .F. ) ;
#2244 = DIRECTION ( 'NONE',  ( 0.000000000000000000, 0.000000000000000000, 1.000000000000000000 ) ) ;
#2245 = ORIENTED_EDGE ( 'NONE', *, *, #2599, .T. ) ;
#2246 = DIRECTION ( 'NONE',  ( -0.000000000000000000, -1.000000000000000000, -0.000000000000000000 ) ) ;
#2247 = CARTESIAN_POINT ( 'NONE',  ( -1.664398450963637810, 0.1000000000000000056, -5.033626830303274957 ) ) ;
#2248 = CARTESIAN_POINT ( 'NONE',  ( 2.064751801064715231, -6.399999999999999467, 2.064751801064722336 ) ) ;
#2249 = DIRECTION ( 'NONE',  ( 0.000000000000000000, -1.000000000000000000, 0.000000000000000000 ) ) ;
#2250 = ORIENTED_EDGE ( 'NONE', *, *, #946, .T. ) ;
#2251 = DIRECTION ( 'NONE',  ( 0.000000000000000000, -1.000000000000000000, 0.000000000000000000 ) ) ;
#2252 = DIRECTION ( 'NONE',  ( 0.7071067811865491270, 0.000000000000000000, -0.7071067811865461294 ) ) ;
#2253 = ADVANCED_FACE ( 'NONE', ( #2524 ), #2272, .T. ) ;
#2254 = CARTESIAN_POINT ( 'NONE',  ( -2.499999999999999112, 10.40000000000000036, -1.035533905932740639 ) ) ;
#2255 = VERTEX_POINT ( 'NONE', #600 ) ;
#2256 = EDGE_LOOP ( 'NONE', ( #1979, #2043, #1531, #965, #2507, #1446, #1552, #1564, #50 ) ) ;
#2257 = CARTESIAN_POINT ( 'NONE',  ( 1.461580736456470353, 8.100000001092475088, 1.461580736456474794 ) ) ;
#2258 = DIRECTION ( 'NONE',  ( 1.000000000000000000, 0.000000000000000000, 0.000000000000000000 ) ) ;
#2259 = EDGE_LOOP ( 'NONE', ( #2004, #132 ) ) ;
#2260 = CYLINDRICAL_SURFACE ( 'NONE', #1022, 0.2249999999999995337 ) ;
#2261 = DIRECTION ( 'NONE',  ( -0.7071067811865486830, 0.000000000000000000, 0.7071067811865462405 ) ) ;
#2262 = CARTESIAN_POINT ( 'NONE',  ( -1.770464468141619507, 0.5000000000000000000, -4.927560813125293926 ) ) ;
#2263 = ORIENTED_EDGE ( 'NONE', *, *, #2741, .T. ) ;
#2264 = CARTESIAN_POINT ( 'NONE',  ( -1.767766952966371763, 8.949999999999999289, 1.767766952966366212 ) ) ;
#2265 = CARTESIAN_POINT ( 'NONE',  ( -1.791246490739406783, 0.000000000000000000, -2.338257111390029674 ) ) ;
#2266 = PRODUCT_DEFINITION ( 'UNKNOWN', '', #2985, #1878 ) ;
#2267 = VERTEX_POINT ( 'NONE', #1801 ) ;
#2268 = ORIENTED_EDGE ( 'NONE', *, *, #2796, .T. ) ;
#2269 = DIRECTION ( 'NONE',  ( -0.7071067811865486830, 0.000000000000000000, 0.7071067811865462405 ) ) ;
#2270 = EDGE_CURVE ( 'NONE', #2412, #866, #583, .T. ) ;
#2271 = ORIENTED_EDGE ( 'NONE', *, *, #264, .F. ) ;
#2272 = PLANE ( 'NONE',  #2610 ) ;
#2273 = CARTESIAN_POINT ( 'NONE',  ( 0.000000000000000000, 11.65000000000000036, 0.000000000000000000 ) ) ;
#2274 = STYLED_ITEM ( 'NONE', ( #766 ), #2891 ) ;
#2275 = DIRECTION ( 'NONE',  ( 0.7071067811865462405, -0.000000000000000000, 0.7071067811865489050 ) ) ;
#2276 = ORIENTED_EDGE ( 'NONE', *, *, #66, .F. ) ;
#2277 = CARTESIAN_POINT ( 'NONE',  ( -0.1590990257669628871, -6.399999999999999467, 3.079099025766972808 ) ) ;
#2278 = FACE_OUTER_BOUND ( 'NONE', #1411, .T. ) ;
#2279 = EDGE_CURVE ( 'NONE', #1792, #1165, #339, .T. ) ;
#2280 = DIRECTION ( 'NONE',  ( 0.000000000000000000, -1.000000000000000000, 0.000000000000000000 ) ) ;
#2281 = CLOSED_SHELL ( 'NONE', ( #915, #2614, #730, #1919, #1966, #506, #21, #1898, #135, #2150, #1316, #324, #711, #433, #967, #1808, #1383 ) ) ;
#2282 = ORIENTED_EDGE ( 'NONE', *, *, #209, .T. ) ;
#2283 = CARTESIAN_POINT ( 'NONE',  ( -0.8561741729129415113, 10.85000000109247509, -2.066987300000001415 ) ) ;
#2284 = CARTESIAN_POINT ( 'NONE',  ( -2.066987299999999639, 7.800000001092475266, -3.252606517456513302E-15 ) ) ;
#2285 = AXIS2_PLACEMENT_3D ( 'NONE', #1208, #1729, #555 ) ;
#2286 = DIRECTION ( 'NONE',  ( 0.000000000000000000, 1.000000000000000000, 0.000000000000000000 ) ) ;
#2287 = EDGE_CURVE ( 'NONE', #2361, #2267, #1538, .T. ) ;
#2288 = ORIENTED_EDGE ( 'NONE', *, *, #1210, .T. ) ;
#2289 = DIRECTION ( 'NONE',  ( 0.000000000000000000, -1.000000000000000000, 0.000000000000000000 ) ) ;
#2290 = CARTESIAN_POINT ( 'NONE',  ( 0.2735053103253187179, 0.000000000000000000, 2.646494689674692591 ) ) ;
#2291 = COLOUR_RGB ( '',0.9686274509803921573, 0.8784313725490195957, 0.5999999999999999778 ) ;
#2292 = CARTESIAN_POINT ( 'NONE',  ( -0.8561741729129415113, 10.85000000109247509, -2.066987300000001859 ) ) ;
#2293 = CARTESIAN_POINT ( 'NONE',  ( 1.378858223313770281, 6.650000000000001243, -1.378858223313764952 ) ) ;
#2294 = CARTESIAN_POINT ( 'NONE',  ( 1.035533905932741972, 10.19999999999999929, -2.499999999999998668 ) ) ;
#2295 = ORIENTED_EDGE ( 'NONE', *, *, #1874, .F. ) ;
#2296 = DIRECTION ( 'NONE',  ( 0.7071067811865487940, 0.000000000000000000, -0.7071067811865463515 ) ) ;
#2297 = DIRECTION ( 'NONE',  ( 0.7071067811865484609, 0.000000000000000000, -0.7071067811865464625 ) ) ;
#2298 = DIRECTION ( 'NONE',  ( 0.000000000000000000, -1.000000000000000000, 0.000000000000000000 ) ) ;
#2299 = ORIENTED_EDGE ( 'NONE', *, *, #2722, .F. ) ;
#2300 = DIRECTION ( 'NONE',  ( 0.000000000000000000, 1.000000000000000000, 0.000000000000000000 ) ) ;
#2301 = CARTESIAN_POINT ( 'NONE',  ( -1.905652775297741464, 0.1000000000000000056, -2.223850826831695215 ) ) ;
#2302 = VERTEX_POINT ( 'NONE', #362 ) ;
#2303 = CARTESIAN_POINT ( 'NONE',  ( 2.066987299999998751, 10.35000000109247509, 0.8561741729129487277 ) ) ;
#2304 = DIRECTION ( 'NONE',  ( 0.7071067811865484609, 0.000000000000000000, -0.7071067811865464625 ) ) ;
#2305 = DIRECTION ( 'NONE',  ( -0.7071067811865487940, 0.000000000000000000, 0.7071067811865463515 ) ) ;
#2306 = AXIS2_PLACEMENT_3D ( 'NONE', #68, #681, #1412 ) ;
#2307 = DIRECTION ( 'NONE',  ( -0.7071067811865482389, 0.000000000000000000, 0.7071067811865467956 ) ) ;
#2308 = CARTESIAN_POINT ( 'NONE',  ( -1.035533905932733534, 9.600000002184948755, -2.500000000000002220 ) ) ;
#2309 = CIRCLE ( 'NONE', #2010, 0.2250000000000000056 ) ;
#2310 = CARTESIAN_POINT ( 'NONE',  ( 2.066987299999999639, 9.000000001092473667, 3.252606517456513302E-15 ) ) ;
#2311 = CARTESIAN_POINT ( 'NONE',  ( -1.767766952966365990, 10.34999999999999964, -1.767766952966371985 ) ) ;
#2312 = AXIS2_PLACEMENT_3D ( 'NONE', #1788, #2067, #2006 ) ;
#2313 = ADVANCED_FACE ( 'NONE', ( #1126 ), #729, .T. ) ;
#2314 = DIRECTION ( 'NONE',  ( 0.7071067811865484609, 0.000000000000000000, -0.7071067811865465735 ) ) ;
#2315 = SURFACE_SIDE_STYLE ('',( #1609 ) ) ;
#2316 = VERTEX_POINT ( 'NONE', #1333 ) ;
#2317 = VERTEX_POINT ( 'NONE', #2981 ) ;
#2318 = CARTESIAN_POINT ( 'NONE',  ( 0.000000000000000000, 0.5000000000000000000, 0.000000000000000000 ) ) ;
#2319 = PRESENTATION_STYLE_ASSIGNMENT (( #44 ) ) ;
#2320 = VECTOR ( 'NONE', #346, 1000.000000000000000 ) ;
#2321 = ORIENTED_EDGE ( 'NONE', *, *, #2104, .T. ) ;
#2322 = CARTESIAN_POINT ( 'NONE',  ( 2.066987300000001859, 9.650000001092474022, -0.8561741729129417333 ) ) ;
#2323 = CARTESIAN_POINT ( 'NONE',  ( -1.461580736456470131, 9.100000001092473312, -1.461580736456475016 ) ) ;
#2324 = CARTESIAN_POINT ( 'NONE',  ( 1.461580736456475016, 7.300000001092475266, -1.461580736456470131 ) ) ;
#2325 = CARTESIAN_POINT ( 'NONE',  ( -2.500000000000000444, 9.750000002184950887, -3.686287386450715076E-15 ) ) ;
#2326 = FACE_OUTER_BOUND ( 'NONE', #94, .T. ) ;
#2327 = FACE_OUTER_BOUND ( 'NONE', #1363, .T. ) ;
#2328 = AXIS2_PLACEMENT_3D ( 'NONE', #2007, #160, #625 ) ;
#2329 = VECTOR ( 'NONE', #344, 1000.000000000000000 ) ;
#2330 = ORIENTED_EDGE ( 'NONE', *, *, #1498, .F. ) ;
#2331 = CARTESIAN_POINT ( 'NONE',  ( -1.791246490739406783, 0.000000000000000000, -2.338257111390029674 ) ) ;
#2332 = DIRECTION ( 'NONE',  ( 0.000000000000000000, -1.000000000000000000, 0.000000000000000000 ) ) ;
#2333 = ORIENTED_EDGE ( 'NONE', *, *, #1490, .T. ) ;
#2334 = CARTESIAN_POINT ( 'NONE',  ( -2.066987299999999639, 9.200000001092474733, -3.252606517456513302E-15 ) ) ;
#2335 = ADVANCED_FACE ( 'NONE', ( #2757 ), #143, .F. ) ;
#2336 = CARTESIAN_POINT ( 'NONE',  ( -0.8561741729129415113, 9.050000001092474378, -2.066987300000001859 ) ) ;
#2337 = CARTESIAN_POINT ( 'NONE',  ( -2.064751801064715231, 0.1000000000000000056, -2.064751801064722336 ) ) ;
#2338 = DIRECTION ( 'NONE',  ( 0.7071067811865487940, 0.000000000000000000, -0.7071067811865463515 ) ) ;
#2339 = DIRECTION ( 'NONE',  ( 0.000000000000000000, -1.000000000000000000, 0.000000000000000000 ) ) ;
#2340 = CARTESIAN_POINT ( 'NONE',  ( 1.767766952966371985, 9.450000002184950176, -1.767766952966365990 ) ) ;
#2341 = VECTOR ( 'NONE', #1567, 1000.000000000000000 ) ;
#2342 = DIRECTION ( 'NONE',  ( 0.000000000000000000, 1.000000000000000000, 0.000000000000000000 ) ) ;
#2343 = CARTESIAN_POINT ( 'NONE',  ( -2.223850826831688554, 0.1000000000000000056, -1.905652775297749457 ) ) ;
#2344 =( NAMED_UNIT ( * ) SI_UNIT ( $, .STERADIAN. ) SOLID_ANGLE_UNIT ( ) );
#2345 = EDGE_LOOP ( 'NONE', ( #2628, #2131, #2245, #2948 ) ) ;
#2346 = ORIENTED_EDGE ( 'NONE', *, *, #2147, .T. ) ;
#2347 = LINE ( 'NONE', #1154, #3010 ) ;
#2348 = ORIENTED_EDGE ( 'NONE', *, *, #284, .F. ) ;
#2349 = CARTESIAN_POINT ( 'NONE',  ( 2.500000000000000444, 7.750000002184949999, 4.119968255444916849E-15 ) ) ;
#2350 = CARTESIAN_POINT ( 'NONE',  ( -0.8561741729129476175, 9.350000001092473312, 2.066987299999999195 ) ) ;
#2351 = LINE ( 'NONE', #1858, #1356 ) ;
#2352 = CIRCLE ( 'NONE', #2755, 0.2249999999999995060 ) ;
#2353 = FILL_AREA_STYLE ('',( #1902 ) ) ;
#2354 = CARTESIAN_POINT ( 'NONE',  ( -1.378858223313770059, 6.650000000000001243, 1.378858223313765174 ) ) ;
#2355 = PLANE ( 'NONE',  #1961 ) ;
#2356 = ORIENTED_EDGE ( 'NONE', *, *, #2009, .F. ) ;
#2357 = CARTESIAN_POINT ( 'NONE',  ( -2.066987300000001415, 10.25000000109247544, 0.8561741729129409562 ) ) ;
#2358 = CIRCLE ( 'NONE', #1806, 0.2250000000000000056 ) ;
#2359 = CARTESIAN_POINT ( 'NONE',  ( -1.040834085586084257E-14, 0.000000000000000000, -2.919999999999999929 ) ) ;
#2360 = CYLINDRICAL_SURFACE ( 'NONE', #2928, 4.150000000000001243 ) ;
#2361 = VERTEX_POINT ( 'NONE', #2995 ) ;
#2362 = CARTESIAN_POINT ( 'NONE',  ( -2.066987299999999639, 10.00000000109247544, -3.252606517456513302E-15 ) ) ;
#2363 = CARTESIAN_POINT ( 'NONE',  ( 2.066987300000001859, 8.050000001092476154, -0.8561741729129417333 ) ) ;
#2364 = DIRECTION ( 'NONE',  ( -0.3826834323650948333, -0.000000000000000000, -0.9238795325112846291 ) ) ;
#2365 = EDGE_CURVE ( 'NONE', #1691, #1039, #1578, .T. ) ;
#2366 = CARTESIAN_POINT ( 'NONE',  ( 1.040834085586084257E-14, -6.399999999999999467, 2.919999999999999929 ) ) ;
#2367 = SURFACE_STYLE_USAGE ( .BOTH. , #2107 ) ;
#2368 = DIRECTION ( 'NONE',  ( 0.000000000000000000, 1.000000000000000000, 0.000000000000000000 ) ) ;
#2369 = STYLED_ITEM ( 'NONE', ( #2319 ), #663 ) ;
#2370 = SURFACE_STYLE_USAGE ( .BOTH. , #1194 ) ;
#2371 = UNCERTAINTY_MEASURE_WITH_UNIT (LENGTH_MEASURE( 1.000000000000000082E-05 ), #1217, 'distance_accuracy_value', 'NONE');
#2372 = ORIENTED_EDGE ( 'NONE', *, *, #2858, .F. ) ;
#2373 = CARTESIAN_POINT ( 'NONE',  ( -2.066987299999999639, 7.800000001092475266, -3.252606517456513302E-15 ) ) ;
#2374 = DIRECTION ( 'NONE',  ( 0.000000000000000000, 0.000000000000000000, 1.000000000000000000 ) ) ;
#2375 = MECHANICAL_DESIGN_GEOMETRIC_PRESENTATION_REPRESENTATION (  '', ( #1091 ), #2180 ) ;
#2376 = ORIENTED_EDGE ( 'NONE', *, *, #161, .T. ) ;
#2377 = CARTESIAN_POINT ( 'NONE',  ( 0.8561741729129487277, 8.950000001092474733, -2.066987299999998751 ) ) ;
#2378 = EDGE_CURVE ( 'NONE', #1199, #1039, #2844, .T. ) ;
#2379 = LINE ( 'NONE', #547, #2864 ) ;
#2380 = CARTESIAN_POINT ( 'NONE',  ( 2.066987300000001859, 8.250000001092475443, -0.8561741729129417333 ) ) ;
#2381 = CIRCLE ( 'NONE', #1577, 0.3867949192431124339 ) ;
#2382 = EDGE_CURVE ( 'NONE', #2048, #2397, #640, .T. ) ;
#2383 = PLANE ( 'NONE',  #1501 ) ;
#2384 =( GEOMETRIC_REPRESENTATION_CONTEXT ( 3 ) GLOBAL_UNCERTAINTY_ASSIGNED_CONTEXT ( ( #40 ) ) GLOBAL_UNIT_ASSIGNED_CONTEXT ( ( #460, #207, #1150 ) ) REPRESENTATION_CONTEXT ( 'NONE', 'WORKASPACE' ) );
#2385 = CARTESIAN_POINT ( 'NONE',  ( -2.066987299999999639, 10.00000000109247544, -3.252606517456513302E-15 ) ) ;
#2386 = CARTESIAN_POINT ( 'NONE',  ( 2.500000000000002220, 7.700000000000000178, -1.035533905932733534 ) ) ;
#2387 = AXIS2_PLACEMENT_3D ( 'NONE', #1325, #2280, #869 ) ;
#2388 = CARTESIAN_POINT ( 'NONE',  ( -0.7910017786516384541, 7.650000000000000355, -1.909647267044684904 ) ) ;
#2389 = EDGE_CURVE ( 'NONE', #1165, #1792, #1508, .T. ) ;
#2390 = ORIENTED_EDGE ( 'NONE', *, *, #431, .F. ) ;
#2391 = CARTESIAN_POINT ( 'NONE',  ( -0.7910017786516384541, 7.650000000000000355, -1.909647267044684904 ) ) ;
#2392 = CARTESIAN_POINT ( 'NONE',  ( -1.040834085586084257E-14, -6.399999999999999467, -2.919999999999999929 ) ) ;
#2393 = ORIENTED_EDGE ( 'NONE', *, *, #2190, .F. ) ;
#2394 = CARTESIAN_POINT ( 'NONE',  ( -0.8561741729129415113, 7.450000001092475621, -2.066987300000001859 ) ) ;
#2395 = SURFACE_STYLE_FILL_AREA ( #734 ) ;
#2396 = AXIS2_PLACEMENT_3D ( 'NONE', #2970, #1336, #2374 ) ;
#2397 = VERTEX_POINT ( 'NONE', #3009 ) ;
#2398 = DIRECTION ( 'NONE',  ( 0.000000000000000000, 1.000000000000000000, 0.000000000000000000 ) ) ;
#2399 = CARTESIAN_POINT ( 'NONE',  ( 2.066987299999999639, 8.800000001092474378, 3.252606517456513302E-15 ) ) ;
#2400 = CARTESIAN_POINT ( 'NONE',  ( 4.336808689942017736E-15, 9.550000002184949821, -2.500000000000000444 ) ) ;
#2401 = PLANE ( 'NONE',  #1072 ) ;
#2402 = CARTESIAN_POINT ( 'NONE',  ( -0.8561741729129476175, 10.35000000109247509, 2.066987299999999195 ) ) ;
#2403 = CARTESIAN_POINT ( 'NONE',  ( -3.903127820947815962E-15, 9.049999999999998934, 2.500000000000000444 ) ) ;
#2404 = ADVANCED_FACE ( 'NONE', ( #1835 ), #2260, .F. ) ;
#2405 = ORIENTED_EDGE ( 'NONE', *, *, #2178, .F. ) ;
#2406 = AXIS2_PLACEMENT_3D ( 'NONE', #2366, #2339, #258 ) ;
#2407 = CARTESIAN_POINT ( 'NONE',  ( -2.066987299999998751, 8.550000001092477930, -0.8561741729129473955 ) ) ;
#2408 = EDGE_CURVE ( 'NONE', #1923, #2889, #660, .T. ) ;
#2409 = CIRCLE ( 'NONE', #718, 0.7500000000000001110 ) ;
#2410 = AXIS2_PLACEMENT_3D ( 'NONE', #2685, #338, #115 ) ;
#2411 = CARTESIAN_POINT ( 'NONE',  ( 1.461580736456475016, 8.100000001092475088, -1.461580736456470131 ) ) ;
#2412 = VERTEX_POINT ( 'NONE', #159 ) ;
#2413 = CARTESIAN_POINT ( 'NONE',  ( 1.461580736456475016, 9.100000001092475088, -1.461580736456470131 ) ) ;
#2414 =( NAMED_UNIT ( * ) SI_UNIT ( $, .STERADIAN. ) SOLID_ANGLE_UNIT ( ) );
#2415 = EDGE_LOOP ( 'NONE', ( #407, #2752 ) ) ;
#2416 = DIRECTION ( 'NONE',  ( 0.000000000000000000, 1.000000000000000000, 0.000000000000000000 ) ) ;
#2417 = EDGE_CURVE ( 'NONE', #42, #167, #1402, .T. ) ;
#2418 = CARTESIAN_POINT ( 'NONE',  ( -2.066987299999999639, 9.200000001092474733, -3.252606517456513302E-15 ) ) ;
#2419 = CARTESIAN_POINT ( 'NONE',  ( -1.767766952966371763, 9.050000002184949821, 1.767766952966366212 ) ) ;
#2420 = FILL_AREA_STYLE ('',( #978 ) ) ;
#2421 = DIRECTION ( 'NONE',  ( 0.000000000000000000, -1.000000000000000000, 0.000000000000000000 ) ) ;
#2422 = EDGE_CURVE ( 'NONE', #594, #794, #2508, .T. ) ;
#2423 = CARTESIAN_POINT ( 'NONE',  ( -2.066987299999998751, 7.750000001092475443, -0.8561741729129473955 ) ) ;
#2424 = ADVANCED_FACE ( 'NONE', ( #1897, #3046 ), #703, .F. ) ;
#2425 = ORIENTED_EDGE ( 'NONE', *, *, #962, .T. ) ;
#2426 = CARTESIAN_POINT ( 'NONE',  ( -0.8561741729129476175, 8.750000001092473667, 2.066987299999999195 ) ) ;
#2427 = VECTOR ( 'NONE', #1099, 1000.000000000000114 ) ;
#2428 = CARTESIAN_POINT ( 'NONE',  ( 0.2735053103253187179, 0.000000000000000000, 2.646494689674692591 ) ) ;
#2429 = ORIENTED_EDGE ( 'NONE', *, *, #3023, .T. ) ;
#2430 = AXIS2_PLACEMENT_3D ( 'NONE', #988, #2839, #2648 ) ;
#2431 = CARTESIAN_POINT ( 'NONE',  ( -2.064751801064715231, 0.000000000000000000, -2.064751801064722336 ) ) ;
#2432 = CARTESIAN_POINT ( 'NONE',  ( 1.817264427649423197, 0.1000000000000000056, 2.312239174480013482 ) ) ;
#2433 = CARTESIAN_POINT ( 'NONE',  ( 1.035533905932741972, 7.799999999999999822, -2.499999999999998668 ) ) ;
#2434 = DIRECTION ( 'NONE',  ( 0.7071067811865487940, 0.000000000000000000, -0.7071067811865462405 ) ) ;
#2435 = CARTESIAN_POINT ( 'NONE',  ( 2.121320343559648602, 11.65000000000000036, -2.121320343559640609 ) ) ;
#2436 = CARTESIAN_POINT ( 'NONE',  ( 1.767766952966366212, 8.450000002184950176, 1.767766952966371763 ) ) ;
#2437 = VECTOR ( 'NONE', #2342, 1000.000000000000000 ) ;
#2438 = ORIENTED_EDGE ( 'NONE', *, *, #2829, .T. ) ;
#2439 = ORIENTED_EDGE ( 'NONE', *, *, #349, .F. ) ;
#2440 = CARTESIAN_POINT ( 'NONE',  ( -1.461580736456474794, 7.700000001092475621, 1.461580736456470353 ) ) ;
#2441 = FACE_OUTER_BOUND ( 'NONE', #767, .T. ) ;
#2442 = EDGE_LOOP ( 'NONE', ( #906, #2736, #1118, #108 ) ) ;
#2443 = FACE_OUTER_BOUND ( 'NONE', #277, .T. ) ;
#2444 = CARTESIAN_POINT ( 'NONE',  ( -1.461580736456470131, 10.70000000109247473, -1.461580736456475016 ) ) ;
#2445 = CARTESIAN_POINT ( 'NONE',  ( 2.500000000000000444, 10.15000000218494947, 4.119968255444916849E-15 ) ) ;
#2446 = DIRECTION ( 'NONE',  ( -0.7071067811865484609, 0.000000000000000000, 0.7071067811865465735 ) ) ;
#2447 = ADVANCED_FACE ( 'NONE', ( #1870 ), #1695, .F. ) ;
#2448 = DIRECTION ( 'NONE',  ( 0.000000000000000000, -1.000000000000000000, 0.000000000000000000 ) ) ;
#2449 = CYLINDRICAL_SURFACE ( 'NONE', #2410, 2.500000000000000444 ) ;
#2450 = CONICAL_SURFACE ( 'NONE', #2841, 0.3867949192431124339, 1.047197551196596299 ) ;
#2451 = VERTEX_POINT ( 'NONE', #2962 ) ;
#2452 = ORIENTED_EDGE ( 'NONE', *, *, #442, .F. ) ;
#2453 = CARTESIAN_POINT ( 'NONE',  ( -3.252606517456513302E-15, 10.40000000109247402, 2.066987300000000083 ) ) ;
#2454 = CARTESIAN_POINT ( 'NONE',  ( 0.000000000000000000, 11.15000000000000213, 0.000000000000000000 ) ) ;
#2455 = VECTOR ( 'NONE', #2804, 1000.000000000000000 ) ;
#2456 = APPLICATION_PROTOCOL_DEFINITION ( 'draft international standard', 'automotive_design', 1998, #893 ) ;
#2457 = AXIS2_PLACEMENT_3D ( 'NONE', #1723, #2665, #1469 ) ;
#2458 = VERTEX_POINT ( 'NONE', #844 ) ;
#2459 = CARTESIAN_POINT ( 'NONE',  ( -1.905652775297741464, 0.000000000000000000, -2.223850826831695215 ) ) ;
#2460 = VECTOR ( 'NONE', #1205, 1000.000000000000000 ) ;
#2461 = CARTESIAN_POINT ( 'NONE',  ( 0.000000000000000000, 0.7500000000000000000, 0.000000000000000000 ) ) ;
#2462 = DIRECTION ( 'NONE',  ( 0.000000000000000000, 1.000000000000000000, 0.000000000000000000 ) ) ;
#2463 = B_SPLINE_CURVE_WITH_KNOTS ( 'NONE', 3,
 ( #1854, #1351, #218, #1, #1143, #1603, #927, #2588, #2086, #1871, #2811, #2797, #2997, #245, #1173, #2558, #2575, #2068 ),
 .UNSPECIFIED., .F., .F.,
 ( 4, 2, 2, 2, 2, 2, 2, 2, 4 ),
 ( 0.000000000000000000, 0.0005599264814053194492, 0.001119852962810638898, 0.001679779444215958456, 0.002239705925621277797, 0.002799632407026597138, 0.003359558888431916912, 0.003919485369837235819, 0.004479411851242555594 ),
 .UNSPECIFIED. ) ;
#2464 = DIRECTION ( 'NONE',  ( 0.000000000000000000, 1.000000000000000000, 0.000000000000000000 ) ) ;
#2465 = VERTEX_POINT ( 'NONE', #1785 ) ;
#2466 = CARTESIAN_POINT ( 'NONE',  ( -1.767766952966365990, 10.80000000109247438, -1.767766952966371985 ) ) ;
#2467 = FACE_OUTER_BOUND ( 'NONE', #2756, .T. ) ;
#2468 = CARTESIAN_POINT ( 'NONE',  ( 2.066987299999998751, 9.750000001092473667, 0.8561741729129487277 ) ) ;
#2469 = CARTESIAN_POINT ( 'NONE',  ( 1.040834085586084257E-14, 0.1000000000000000056, 2.919999999999999929 ) ) ;
#2470 = CARTESIAN_POINT ( 'NONE',  ( 0.000000000000000000, 0.8699999999999998845, 0.000000000000000000 ) ) ;
#2471 = ORIENTED_EDGE ( 'NONE', *, *, #2104, .F. ) ;
#2472 = CARTESIAN_POINT ( 'NONE',  ( -1.461580736456474794, 7.900000001092475799, 1.461580736456470353 ) ) ;
#2473 = ORIENTED_EDGE ( 'NONE', *, *, #1669, .T. ) ;
#2474 = ADVANCED_FACE ( 'NONE', ( #621 ), #1267, .F. ) ;
#2475 = DIRECTION ( 'NONE',  ( -0.7071067811865487940, 0.000000000000000000, 0.7071067811865464625 ) ) ;
#2476 = CARTESIAN_POINT ( 'NONE',  ( -2.500000000000000444, 8.849999999999999645, -3.686287386450715076E-15 ) ) ;
#2477 = CONICAL_SURFACE ( 'NONE', #2225, 2.500000000000000444, 0.7853981633974522758 ) ;
#2478 = ORIENTED_EDGE ( 'NONE', *, *, #1082, .F. ) ;
#2479 = LINE ( 'NONE', #2459, #2320 ) ;
#2480 = AXIS2_PLACEMENT_3D ( 'NONE', #1554, #1065, #2966 ) ;
#2481 = CARTESIAN_POINT ( 'NONE',  ( -3.288046532517451936, 9.350000000000001421, 3.288046532517440834 ) ) ;
#2482 = AXIS2_PLACEMENT_3D ( 'NONE', #716, #499, #1423 ) ;
#2483 = ADVANCED_FACE ( 'NONE', ( #1061, #1770 ), #1575, .F. ) ;
#2484 = ORIENTED_EDGE ( 'NONE', *, *, #1780, .T. ) ;
#2485 = CARTESIAN_POINT ( 'NONE',  ( 3.288046532517452825, 0.8699999999999998845, -3.288046532517439946 ) ) ;
#2486 = EDGE_CURVE ( 'NONE', #1483, #810, #2618, .T. ) ;
#2487 = CARTESIAN_POINT ( 'NONE',  ( -1.035533905932733534, 10.30000000000000071, -2.500000000000002220 ) ) ;
#2488 = ORIENTED_EDGE ( 'NONE', *, *, #1062, .F. ) ;
#2489 = CARTESIAN_POINT ( 'NONE',  ( 2.066987299999999639, 7.400000001092476687, 3.252606517456513302E-15 ) ) ;
#2490 = CARTESIAN_POINT ( 'NONE',  ( -2.014138300549482175, 7.650000000000002132, 0.5387381024520158102 ) ) ;
#2491 =( NAMED_UNIT ( * ) PLANE_ANGLE_UNIT ( ) SI_UNIT ( $, .RADIAN. ) );
#2492 = VERTEX_POINT ( 'NONE', #1120 ) ;
#2493 = CARTESIAN_POINT ( 'NONE',  ( -1.767766952966371985, 7.650000000000001243, 1.767766952966365990 ) ) ;
#2494 = CARTESIAN_POINT ( 'NONE',  ( -2.223850826831688554, -6.399999999999999467, -1.905652775297749457 ) ) ;
#2495 = CARTESIAN_POINT ( 'NONE',  ( -1.272701442105147684, 7.650000000000106937, -1.650814227560503333 ) ) ;
#2496 = CARTESIAN_POINT ( 'NONE',  ( -3.903127820947815962E-15, 8.250000000000000000, 2.500000000000000444 ) ) ;
#2497 = CIRCLE ( 'NONE', #1206, 0.2250000000000000056 ) ;
#2498 = EDGE_LOOP ( 'NONE', ( #2452, #1083, #2240, #2984 ) ) ;
#2499 = CARTESIAN_POINT ( 'NONE',  ( 2.223850826831688554, -2.574980159653073031E-16, 1.905652775297749457 ) ) ;
#2500 = DIRECTION ( 'NONE',  ( 0.000000000000000000, 1.000000000000000000, 0.000000000000000000 ) ) ;
#2501 = CARTESIAN_POINT ( 'NONE',  ( -1.040834085586084257E-14, 0.1000000000000000056, -2.919999999999999929 ) ) ;
#2502 = CARTESIAN_POINT ( 'NONE',  ( -0.8561741729129476175, 9.550000001092474378, 2.066987299999999195 ) ) ;
#2503 = ADVANCED_FACE ( 'NONE', ( #1094 ), #1533, .F. ) ;
#2504 = EDGE_LOOP ( 'NONE', ( #2746, #166, #500, #942 ) ) ;
#2505 = CARTESIAN_POINT ( 'NONE',  ( -2.064751801064715231, 0.000000000000000000, -2.064751801064722336 ) ) ;
#2506 = CIRCLE ( 'NONE', #970, 0.5600000000000003864 ) ;
#2507 = ORIENTED_EDGE ( 'NONE', *, *, #203, .F. ) ;
#2508 = LINE ( 'NONE', #1318, #3003 ) ;
#2509 = CARTESIAN_POINT ( 'NONE',  ( -0.1590990257669628871, 0.1000000000000000056, 3.079099025766972364 ) ) ;
#2510 = VECTOR ( 'NONE', #724, 1000.000000000000000 ) ;
#2511 = COLOUR_RGB ( '',0.2509803921568627416, 0.2509803921568627416, 0.2509803921568627416 ) ;
#2512 = EDGE_CURVE ( 'NONE', #341, #2317, #1804, .T. ) ;
#2513 = CARTESIAN_POINT ( 'NONE',  ( 2.499999999999998668, 8.400000000000000355, 1.035533905932741972 ) ) ;
#2514 = VERTEX_POINT ( 'NONE', #2705 ) ;
#2515 = DIRECTION ( 'NONE',  ( -0.7071067811865484609, 0.000000000000000000, 0.7071067811865465735 ) ) ;
#2516 = EDGE_CURVE ( 'NONE', #2048, #1195, #470, .T. ) ;
#2517 = DIRECTION ( 'NONE',  ( 0.7071067811865487940, 0.000000000000000000, -0.7071067811865463515 ) ) ;
#2518 = ORIENTED_EDGE ( 'NONE', *, *, #2408, .F. ) ;
#2519 = ORIENTED_EDGE ( 'NONE', *, *, #1181, .T. ) ;
#2520 = CARTESIAN_POINT ( 'NONE',  ( 2.934493141924177984, 0.8699999999999998845, -2.934493141924167769 ) ) ;
#2521 = EDGE_CURVE ( 'NONE', #2492, #1809, #2537, .T. ) ;
#2522 = CARTESIAN_POINT ( 'NONE',  ( -2.064751801064715231, 0.1000000000000000056, -2.064751801064722336 ) ) ;
#2523 = VERTEX_POINT ( 'NONE', #2520 ) ;
#2524 = FACE_OUTER_BOUND ( 'NONE', #163, .T. ) ;
#2525 = DIRECTION ( 'NONE',  ( 0.7071067811865486830, 0.000000000000000000, -0.7071067811865462405 ) ) ;
#2526 = CARTESIAN_POINT ( 'NONE',  ( 0.000000000000000000, -8.262823377231841349, 0.000000000000000000 ) ) ;
#2527 = CIRCLE ( 'NONE', #121, 0.3867949192431124339 ) ;
#2528 = DIRECTION ( 'NONE',  ( 0.000000000000000000, 1.000000000000000000, 0.000000000000000000 ) ) ;
#2529 = ORIENTED_EDGE ( 'NONE', *, *, #2796, .F. ) ;
#2530 = LINE ( 'NONE', #1341, #473 ) ;
#2531 = CARTESIAN_POINT ( 'NONE',  ( -0.2735053103253188289, 0.000000000000000000, -2.646494689674692591 ) ) ;
#2532 = CLOSED_SHELL ( 'NONE', ( #1526, #2772, #1390, #1962 ) ) ;
#2533 = ORIENTED_EDGE ( 'NONE', *, *, #201, .F. ) ;
#2534 = EDGE_LOOP ( 'NONE', ( #2288, #1800, #2687, #2209 ) ) ;
#2535 = DIRECTION ( 'NONE',  ( -0.7071067811865486830, 0.000000000000000000, 0.7071067811865462405 ) ) ;
#2536 = PRESENTATION_LAYER_ASSIGNMENT (  '', '', ( #2089 ) ) ;
#2537 =( BOUNDED_CURVE ( )  B_SPLINE_CURVE ( 2, ( #1329, #168, #858, #1562, #1347 ),
 .UNSPECIFIED., .F., .F. ) 
 B_SPLINE_CURVE_WITH_KNOTS ( ( 3, 2, 3 ),
 ( 0.000000000000000000, 0.02500000000000006731, 0.05000000000000013461 ),
 .UNSPECIFIED. ) 
 CURVE ( )  GEOMETRIC_REPRESENTATION_ITEM ( )  RATIONAL_B_SPLINE_CURVE ( ( 1.000000000000000000, 0.9238795325112867385, 1.000000000000000000, 0.9238795325112862944, 1.000000000000000444 ) ) 
 REPRESENTATION_ITEM ( '' )  );
#2538 = CIRCLE ( 'NONE', #1432, 4.650000000000002132 ) ;
#2539 = VERTEX_POINT ( 'NONE', #2301 ) ;
#2540 = DIRECTION ( 'NONE',  ( 0.000000000000000000, 1.000000000000000000, 0.000000000000000000 ) ) ;
#2541 = SURFACE_STYLE_USAGE ( .BOTH. , #1579 ) ;
#2542 = DIRECTION ( 'NONE',  ( 0.000000000000000000, 1.000000000000000000, 0.000000000000000000 ) ) ;
#2543 = CIRCLE ( 'NONE', #3032, 0.7500000000000001110 ) ;
#2544 = FACE_OUTER_BOUND ( 'NONE', #477, .T. ) ;
#2545 = DIRECTION ( 'NONE',  ( 0.7071067811865484609, 0.000000000000000000, -0.7071067811865465735 ) ) ;
#2546 = DIRECTION ( 'NONE',  ( 0.000000000000000000, 1.000000000000000000, 0.000000000000000000 ) ) ;
#2547 = CARTESIAN_POINT ( 'NONE',  ( 1.461580736456475016, 9.100000001092475088, -1.461580736456470131 ) ) ;
#2548 = ORIENTED_EDGE ( 'NONE', *, *, #2279, .F. ) ;
#2549 = CARTESIAN_POINT ( 'NONE',  ( -1.035533905932733534, 8.000000002184950887, -2.500000000000002220 ) ) ;
#2550 = EDGE_CURVE ( 'NONE', #2721, #856, #1425, .T. ) ;
#2551 = DIRECTION ( 'NONE',  ( 0.000000000000000000, 1.000000000000000000, 0.000000000000000000 ) ) ;
#2552 = AXIS2_PLACEMENT_3D ( 'NONE', #2205, #2957, #2682 ) ;
#2553 = ORIENTED_EDGE ( 'NONE', *, *, #3023, .F. ) ;
#2554 = DIRECTION ( 'NONE',  ( -0.7071067811865486830, 0.000000000000000000, 0.7071067811865462405 ) ) ;
#2555 = ORIENTED_EDGE ( 'NONE', *, *, #228, .F. ) ;
#2556 = CARTESIAN_POINT ( 'NONE',  ( -0.8561741729129415113, 9.850000001092473312, -2.066987300000001859 ) ) ;
#2557 = DIRECTION ( 'NONE',  ( 0.000000000000000000, 1.000000000000000000, 0.000000000000000000 ) ) ;
#2558 = CARTESIAN_POINT ( 'NONE',  ( -0.4482504537532325806, 7.650000000000003908, -2.068055351820252685 ) ) ;
#2559 = AXIS2_PLACEMENT_3D ( 'NONE', #2522, #1080, #2992 ) ;
#2560 = CARTESIAN_POINT ( 'NONE',  ( -2.066987299999999195, 7.550000001092475266, -0.8561741729129475065 ) ) ;
#2561 = CARTESIAN_POINT ( 'NONE',  ( -1.767766952966371763, 9.850000002184948755, 1.767766952966366212 ) ) ;
#2562 = VECTOR ( 'NONE', #2251, 1000.000000000000000 ) ;
#2563 = VECTOR ( 'NONE', #888, 1000.000000000000000 ) ;
#2564 = AXIS2_PLACEMENT_3D ( 'NONE', #610, #1290, #2304 ) ;
#2565 = CARTESIAN_POINT ( 'NONE',  ( 1.035533905932733978, 10.69999999999999929, 2.500000000000002220 ) ) ;
#2566 = SURFACE_STYLE_USAGE ( .BOTH. , #2315 ) ;
#2567 = ADVANCED_FACE ( 'NONE', ( #1596 ), #1830, .F. ) ;
#2568 = EDGE_LOOP ( 'NONE', ( #1704, #1752, #910, #1769 ) ) ;
#2569 = VERTEX_POINT ( 'NONE', #1137 ) ;
#2570 = CARTESIAN_POINT ( 'NONE',  ( -0.1590990257669835650, -6.399999999999999467, -2.760900974233027494 ) ) ;
#2571 = EDGE_LOOP ( 'NONE', ( #2018, #2177, #2473, #2234 ) ) ;
#2572 = CARTESIAN_POINT ( 'NONE',  ( 2.066987299999999639, 9.600000001092475088, 3.252606517456513302E-15 ) ) ;
#2573 = CARTESIAN_POINT ( 'NONE',  ( -2.066987299999999639, 9.200000001092474733, -3.252606517456513302E-15 ) ) ;
#2574 = DIRECTION ( 'NONE',  ( -0.7071067811865487940, 0.000000000000000000, 0.7071067811865464625 ) ) ;
#2575 = CARTESIAN_POINT ( 'NONE',  ( -0.6246328837030111769, 7.650000000000006573, -2.000913270215720186 ) ) ;
#2576 = CARTESIAN_POINT ( 'NONE',  ( 2.066987299999999639, 7.200000001092475621, 3.252606517456513302E-15 ) ) ;
#2577 = LINE ( 'NONE', #246, #714 ) ;
#2578 = CARTESIAN_POINT ( 'NONE',  ( -3.288046532517452825, 11.65000000000000036, 3.288046532517441278 ) ) ;
#2579 = CARTESIAN_POINT ( 'NONE',  ( 0.000000000000000000, 7.650000000000001243, 0.000000000000000000 ) ) ;
#2580 = VECTOR ( 'NONE', #2760, 1000.000000000000000 ) ;
#2581 =( NAMED_UNIT ( * ) PLANE_ANGLE_UNIT ( ) SI_UNIT ( $, .RADIAN. ) );
#2582 = STYLED_ITEM ( 'NONE', ( #2914 ), #2656 ) ;
#2583 = ORIENTED_EDGE ( 'NONE', *, *, #1857, .T. ) ;
#2584 = FACE_OUTER_BOUND ( 'NONE', #2221, .T. ) ;
#2585 = ORIENTED_EDGE ( 'NONE', *, *, #829, .T. ) ;
#2586 = CARTESIAN_POINT ( 'NONE',  ( -1.461580736456474794, 9.300000001092474378, 1.461580736456470353 ) ) ;
#2587 = CARTESIAN_POINT ( 'NONE',  ( -0.8561741729129415113, 9.850000001092473312, -2.066987300000001859 ) ) ;
#2588 = CARTESIAN_POINT ( 'NONE',  ( 1.670720288271708265, 7.650000000000003908, -1.633471722151677241 ) ) ;
#2589 = DIRECTION ( 'NONE',  ( 0.7071067811865491270, 0.000000000000000000, -0.7071067811865461294 ) ) ;
#2590 = AXIS2_PLACEMENT_3D ( 'NONE', #23, #961, #945 ) ;
#2591 = CARTESIAN_POINT ( 'NONE',  ( -2.500000000000000444, 8.950000002184950176, -3.686287386450715076E-15 ) ) ;
#2592 = CARTESIAN_POINT ( 'NONE',  ( 1.767766952966371985, 10.94999999999999929, -1.767766952966365990 ) ) ;
#2593 = CARTESIAN_POINT ( 'NONE',  ( -2.499999999999999112, 8.100000002184950532, -1.035533905932740639 ) ) ;
#2594 = DIRECTION ( 'NONE',  ( 0.000000000000000000, -1.000000000000000000, 0.000000000000000000 ) ) ;
#2595 = UNCERTAINTY_MEASURE_WITH_UNIT (LENGTH_MEASURE( 1.000000000000000082E-05 ), #1844, 'distance_accuracy_value', 'NONE');
#2596 = ORIENTED_EDGE ( 'NONE', *, *, #184, .T. ) ;
#2597 = CARTESIAN_POINT ( 'NONE',  ( -1.461580736456474794, 9.500000001092475443, 1.461580736456470353 ) ) ;
#2599 = EDGE_CURVE ( 'NONE', #856, #2721, #2228, .T. ) ;
#2598 = FACE_OUTER_BOUND ( 'NONE', #1375, .T. ) ;
#2600 = VERTEX_POINT ( 'NONE', #2080 ) ;
#2601 = CARTESIAN_POINT ( 'NONE',  ( -2.499999999999999112, 7.300000002184948933, -1.035533905932740639 ) ) ;
#2602 = CARTESIAN_POINT ( 'NONE',  ( -2.066987299999999195, 9.150000001092475799, -0.8561741729129475065 ) ) ;
#2603 = SURFACE_STYLE_USAGE ( .BOTH. , #1635 ) ;
#2604 = FACE_OUTER_BOUND ( 'NONE', #1927, .T. ) ;
#2605 = DIRECTION ( 'NONE',  ( 0.000000000000000000, 1.000000000000000000, 0.000000000000000000 ) ) ;
#2606 = VECTOR ( 'NONE', #162, 1000.000000000000000 ) ;
#2607 = EDGE_CURVE ( 'NONE', #1737, #2865, #3025, .T. ) ;
#2608 = DIRECTION ( 'NONE',  ( -0.7071067811865491270, 0.000000000000000000, 0.7071067811865461294 ) ) ;
#2609 = FILL_AREA_STYLE ('',( #3039 ) ) ;
#2610 = AXIS2_PLACEMENT_3D ( 'NONE', #1098, #2289, #1565 ) ;
#2611 = EDGE_LOOP ( 'NONE', ( #2271, #801, #464, #2553 ) ) ;
#2612 = CARTESIAN_POINT ( 'NONE',  ( -0.8561741729129475065, 9.550000001092474378, 2.066987299999998751 ) ) ;
#2613 = AXIS2_PLACEMENT_3D ( 'NONE', #432, #3002, #867 ) ;
#2614 = ADVANCED_FACE ( 'NONE', ( #1847 ), #420, .T. ) ;
#2615 = FILL_AREA_STYLE_COLOUR ( '', #352 ) ;
#2616 = VERTEX_POINT ( 'NONE', #2432 ) ;
#2617 = CARTESIAN_POINT ( 'NONE',  ( 2.066987300000001859, 9.650000001092474022, -0.8561741729129417333 ) ) ;
#2618 = CIRCLE ( 'NONE', #1667, 0.2250000000000000056 ) ;
#2619 = CARTESIAN_POINT ( 'NONE',  ( -1.035533905932733534, 11.10000000000000142, -2.500000000000002220 ) ) ;
#2620 = CARTESIAN_POINT ( 'NONE',  ( 2.934493141924177984, 0.7499999999999995559, -2.934493141924167769 ) ) ;
#2621 = EDGE_CURVE ( 'NONE', #1317, #781, #1993, .T. ) ;
#2622 = CARTESIAN_POINT ( 'NONE',  ( -3.252606517456513302E-15, 10.20000000109247473, 2.066987300000000083 ) ) ;
#2623 = FACE_BOUND ( 'NONE', #2415, .T. ) ;
#2624 = CARTESIAN_POINT ( 'NONE',  ( 0.1590990257669837316, 0.1000000000000000056, 2.760900974233027494 ) ) ;
#2625 = UNCERTAINTY_MEASURE_WITH_UNIT (LENGTH_MEASURE( 1.000000000000000082E-05 ), #1033, 'distance_accuracy_value', 'NONE');
#2626 = CARTESIAN_POINT ( 'NONE',  ( 0.000000000000000000, 11.65000000000000036, 0.000000000000000000 ) ) ;
#2627 = AXIS2_PLACEMENT_3D ( 'NONE', #1597, #1311, #1058 ) ;
#2628 = ORIENTED_EDGE ( 'NONE', *, *, #541, .F. ) ;
#2629 = CARTESIAN_POINT ( 'NONE',  ( 0.8561741729129421774, 9.650000001092477575, 2.066987300000001415 ) ) ;
#2630 = EDGE_CURVE ( 'NONE', #2523, #2971, #849, .T. ) ;
#2631 = AXIS2_PLACEMENT_3D ( 'NONE', #1536, #360, #669 ) ;
#2632 = CARTESIAN_POINT ( 'NONE',  ( -2.066987299999999639, 7.600000001092475088, -3.252606517456513302E-15 ) ) ;
#2633 = ORIENTED_EDGE ( 'NONE', *, *, #201, .T. ) ;
#2634 = CARTESIAN_POINT ( 'NONE',  ( -1.461580736456474794, 9.500000001092475443, 1.461580736456470353 ) ) ;
#2635 = EDGE_LOOP ( 'NONE', ( #2268, #814 ) ) ;
#2636 = EDGE_CURVE ( 'NONE', #570, #1532, #792, .T. ) ;
#2637 =( BOUNDED_CURVE ( )  B_SPLINE_CURVE ( 2, ( #2671, #808, #1478, #539, #2436, #1253, #2207, #103, #1131 ),
 .UNSPECIFIED., .F., .T. ) 
 B_SPLINE_CURVE_WITH_KNOTS ( ( 3, 2, 2, 2, 3 ),
 ( 0.4499999999999998446, 0.4749999999999998668, 0.5000000000000000000, 0.5250000000000000222, 0.5500000000000001554 ),
 .UNSPECIFIED. ) 
 CURVE ( )  GEOMETRIC_REPRESENTATION_ITEM ( )  RATIONAL_B_SPLINE_CURVE ( ( 1.000000000000000444, 0.9238795325112861834, 1.000000000000000000, 0.9238795325112867385, 1.000000000000000000, 0.9238795325112867385, 1.000000000000000000, 0.9238795325112864054, 1.000000000000000444 ) ) 
 REPRESENTATION_ITEM ( '' )  );
#2638 = CARTESIAN_POINT ( 'NONE',  ( 0.8561741729129486167, 8.950000001092474733, -2.066987299999998751 ) ) ;
#2639 = AXIS2_PLACEMENT_3D ( 'NONE', #725, #2594, #707 ) ;
#2640 = CARTESIAN_POINT ( 'NONE',  ( -1.767766952966371763, 8.250000002184949111, 1.767766952966366212 ) ) ;
#2641 = ADVANCED_FACE ( 'NONE', ( #394 ), #260, .T. ) ;
#2642 = LINE ( 'NONE', #2903, #495 ) ;
#2643 = VERTEX_POINT ( 'NONE', #2509 ) ;
#2644 = CARTESIAN_POINT ( 'NONE',  ( 0.8561741729129486167, 9.150000001092477575, -2.066987299999998751 ) ) ;
#2645 = CARTESIAN_POINT ( 'NONE',  ( -2.066987300000001859, 8.450000001092474733, 0.8561741729129409562 ) ) ;
#2646 = ORIENTED_EDGE ( 'NONE', *, *, #532, .F. ) ;
#2647 = CARTESIAN_POINT ( 'NONE',  ( 0.8561741729129421774, 9.650000001092475799, 2.066987300000001859 ) ) ;
#2648 = DIRECTION ( 'NONE',  ( -0.7071067811865486830, 0.000000000000000000, 0.7071067811865462405 ) ) ;
#2649 = VECTOR ( 'NONE', #775, 1000.000000000000114 ) ;
#2650 = ORIENTED_EDGE ( 'NONE', *, *, #2607, .F. ) ;
#2651 = FACE_OUTER_BOUND ( 'NONE', #180, .T. ) ;
#2652 = CARTESIAN_POINT ( 'NONE',  ( -0.8561741729129475065, 8.550000001092477930, 2.066987299999998751 ) ) ;
#2653 = CARTESIAN_POINT ( 'NONE',  ( 2.500000000000000444, 8.550000002184948045, 4.119968255444916849E-15 ) ) ;
#2654 = FACE_OUTER_BOUND ( 'NONE', #1403, .T. ) ;
#2655 = DIRECTION ( 'NONE',  ( 0.000000000000000000, 1.000000000000000000, 0.000000000000000000 ) ) ;
#2656 = ADVANCED_BREP_SHAPE_REPRESENTATION ( 'TO39_û FOV 55', ( #848, #1813, #2891, #857, #1873, #663, #2885, #1688, #2835, #2881 ), #446 ) ;
#2657 = EDGE_CURVE ( 'NONE', #1273, #2514, #1802, .T. ) ;
#2658 = CARTESIAN_POINT ( 'NONE',  ( -2.499999999999999112, 9.600000000000001421, -1.035533905932740639 ) ) ;
#2659 = ORIENTED_EDGE ( 'NONE', *, *, #1141, .T. ) ;
#2660 = CARTESIAN_POINT ( 'NONE',  ( 0.8561741729129421774, 10.45000000109247473, 2.066987300000001415 ) ) ;
#2661 = EDGE_CURVE ( 'NONE', #450, #1967, #601, .T. ) ;
#2662 = VERTEX_POINT ( 'NONE', #382 ) ;
#2663 = CARTESIAN_POINT ( 'NONE',  ( 2.066987299999999639, 10.60000000109247509, 3.252606517456513302E-15 ) ) ;
#2664 = ORIENTED_EDGE ( 'NONE', *, *, #2873, .T. ) ;
#2665 = DIRECTION ( 'NONE',  ( -0.9238795325112846291, 0.000000000000000000, 0.3826834323650948888 ) ) ;
#2666 = CARTESIAN_POINT ( 'NONE',  ( -2.066987299999998751, 9.150000001092477575, -0.8561741729129473955 ) ) ;
#2667 = CARTESIAN_POINT ( 'NONE',  ( -1.035533905932733534, 8.000000002184950887, -2.500000000000002220 ) ) ;
#2668 = DIRECTION ( 'NONE',  ( 0.7071067811865482389, 0.000000000000000000, -0.7071067811865469066 ) ) ;
#2669 = DIRECTION ( 'NONE',  ( 0.7071067811865482389, 0.000000000000000000, -0.7071067811865469066 ) ) ;
#2670 = CARTESIAN_POINT ( 'NONE',  ( 4.336808689942017736E-15, 9.449999999999999289, -2.500000000000000444 ) ) ;
#2671 = CARTESIAN_POINT ( 'NONE',  ( 1.767766952966371985, 8.650000002184949466, -1.767766952966365990 ) ) ;
#2672 = ORIENTED_EDGE ( 'NONE', *, *, #155, .F. ) ;
#2673 = CARTESIAN_POINT ( 'NONE',  ( -2.066987299999999195, 8.550000001092477930, -0.8561741729129475065 ) ) ;
#2674 = PRESENTATION_LAYER_ASSIGNMENT (  '', '', ( #2274 ) ) ;
#2675 = CARTESIAN_POINT ( 'NONE',  ( -1.614673844711418171, 11.02500000054623719, -1.614673844711423722 ) ) ;
#2676 = PLANE ( 'NONE',  #1121 ) ;
#2677 = CARTESIAN_POINT ( 'NONE',  ( 1.461580736456470353, 8.700000001092474733, 1.461580736456474794 ) ) ;
#2678 = CLOSED_SHELL ( 'NONE', ( #2792, #526, #2253, #1054 ) ) ;
#2679 = CARTESIAN_POINT ( 'NONE',  ( -2.500000000000000444, 8.950000002184950176, -3.686287386450715076E-15 ) ) ;
#2680 = LINE ( 'NONE', #520, #2979 ) ;
#2681 = CARTESIAN_POINT ( 'NONE',  ( 2.500000000000000444, 7.650000000000001243, 4.119968255444916849E-15 ) ) ;
#2682 = DIRECTION ( 'NONE',  ( -0.7071067811865482389, 0.000000000000000000, 0.7071067811865469066 ) ) ;
#2683 = VERTEX_POINT ( 'NONE', #2247 ) ;
#2684 = CARTESIAN_POINT ( 'NONE',  ( -1.767766952966371763, 8.150000000000000355, 1.767766952966366212 ) ) ;
#2685 = CARTESIAN_POINT ( 'NONE',  ( 0.000000000000000000, 7.650000000000001243, 0.000000000000000000 ) ) ;
#2686 = CIRCLE ( 'NONE', #704, 1.949999999999999734 ) ;
#2687 = ORIENTED_EDGE ( 'NONE', *, *, #723, .F. ) ;
#2688 = ORIENTED_EDGE ( 'NONE', *, *, #114, .F. ) ;
#2689 = CARTESIAN_POINT ( 'NONE',  ( 3.469446951953614189E-15, 7.400000001092475799, -2.066987300000000083 ) ) ;
#2690 = CARTESIAN_POINT ( 'NONE',  ( 2.499999999999998668, 8.400000000000000355, 1.035533905932741972 ) ) ;
#2691 = CARTESIAN_POINT ( 'NONE',  ( -1.858508949759629658, 7.650000000000001243, -0.9146729478036285110 ) ) ;
#2692 =( NAMED_UNIT ( * ) SI_UNIT ( $, .STERADIAN. ) SOLID_ANGLE_UNIT ( ) );
#2693 = ORIENTED_EDGE ( 'NONE', *, *, #682, .F. ) ;
#2694 = CARTESIAN_POINT ( 'NONE',  ( -2.499999999999999112, 8.000000000000000000, -1.035533905932740639 ) ) ;
#2695 = DIRECTION ( 'NONE',  ( -0.5000000000000028866, 0.7071067811865446862, 0.5000000000000011102 ) ) ;
#2696 = CARTESIAN_POINT ( 'NONE',  ( -2.064751801064715231, 0.000000000000000000, -2.064751801064722336 ) ) ;
#2697 = EDGE_CURVE ( 'NONE', #1691, #784, #3012, .T. ) ;
#2698 = FACE_OUTER_BOUND ( 'NONE', #654, .T. ) ;
#2699 = DIRECTION ( 'NONE',  ( 0.000000000000000000, 1.000000000000000000, 0.000000000000000000 ) ) ;
#2700 = B_SPLINE_CURVE_WITH_KNOTS ( 'NONE', 3,
 ( #1775, #1540, #2495, #373, #2967, #1320, #2691, #1535, #2046, #1799, #1563, #1986, #2490, #368 ),
 .UNSPECIFIED., .F., .F.,
 ( 4, 2, 2, 2, 2, 2, 4 ),
 ( 4.384642808515128525E-17, 0.0008152643689840852626, 0.001222896553476105885, 0.001630528737968126723, 0.002038160922460147562, 0.002445793106952167967, 0.003261057475936209645 ),
 .UNSPECIFIED. ) ;
#2701 = CARTESIAN_POINT ( 'NONE',  ( 0.8561741729129487277, 9.950000001092476509, -2.066987299999998751 ) ) ;
#2702 = ORIENTED_EDGE ( 'NONE', *, *, #2516, .T. ) ;
#2703 = ORIENTED_EDGE ( 'NONE', *, *, #1004, .F. ) ;
#2704 = ADVANCED_FACE ( 'NONE', ( #1319 ), #145, .T. ) ;
#2705 = CARTESIAN_POINT ( 'NONE',  ( -2.289806749252027540, 0.5000000000000000000, -4.874801026819437944 ) ) ;
#2706 = ADVANCED_FACE ( 'NONE', ( #1334 ), #2025, .T. ) ;
#2707 = PRODUCT_CONTEXT ( 'NONE', #893, 'mechanical' ) ;
#2708 = CARTESIAN_POINT ( 'NONE',  ( 0.000000000000000000, 10.07000000000000028, 0.000000000000000000 ) ) ;
#2709 = ORIENTED_EDGE ( 'NONE', *, *, #2153, .T. ) ;
#2710 = CARTESIAN_POINT ( 'NONE',  ( -1.035533905932733534, 7.900000000000000355, -2.500000000000002220 ) ) ;
#2711 = DIRECTION ( 'NONE',  ( 0.000000000000000000, 1.000000000000000000, 0.000000000000000000 ) ) ;
#2712 = CARTESIAN_POINT ( 'NONE',  ( -2.500000000000002220, 9.800000002184951597, 1.035533905932732868 ) ) ;
#2713 = EDGE_CURVE ( 'NONE', #2929, #1792, #1774, .T. ) ;
#2714 = DIRECTION ( 'NONE',  ( -0.7071067811865487940, 0.000000000000000000, 0.7071067811865464625 ) ) ;
#2715 = CARTESIAN_POINT ( 'NONE',  ( 1.035533905932733978, 8.300000000000000711, 2.500000000000002220 ) ) ;
#2716 = EDGE_LOOP ( 'NONE', ( #314, #2915, #2405, #2878, #1254, #491, #2583, #1493, #828, #1888, #391 ) ) ;
#2717 = CARTESIAN_POINT ( 'NONE',  ( 2.934493141924177984, 11.65000000000000036, -2.934493141924167769 ) ) ;
#2718 = CARTESIAN_POINT ( 'NONE',  ( -1.040834085586084257E-14, 0.1000000000000000056, -2.919999999999999929 ) ) ;
#2719 = CARTESIAN_POINT ( 'NONE',  ( 0.1590990257669838148, 0.1000000000000000056, 2.760900974233027494 ) ) ;
#2720 = EDGE_LOOP ( 'NONE', ( #1169, #1868 ) ) ;
#2721 = VERTEX_POINT ( 'NONE', #2481 ) ;
#2722 = EDGE_CURVE ( 'NONE', #727, #2412, #1539, .T. ) ;
#2723 = DIRECTION ( 'NONE',  ( 0.000000000000000000, -1.000000000000000000, 0.000000000000000000 ) ) ;
#2724 = CARTESIAN_POINT ( 'NONE',  ( -1.767766952966371763, 8.150000000000000355, 1.767766952966366212 ) ) ;
#2725 = EDGE_LOOP ( 'NONE', ( #937, #581 ) ) ;
#2726 = PLANE ( 'NONE',  #1361 ) ;
#2727 = CIRCLE ( 'NONE', #75, 4.570000000000001172 ) ;
#2728 = DIRECTION ( 'NONE',  ( 0.000000000000000000, -1.000000000000000000, 0.000000000000000000 ) ) ;
#2729 = LINE ( 'NONE', #322, #1443 ) ;
#2730 = EDGE_CURVE ( 'NONE', #2255, #866, #2937, .T. ) ;
#2731 = CARTESIAN_POINT ( 'NONE',  ( -2.064751801064715231, -6.399999999999999467, -2.064751801064722336 ) ) ;
#2732 = ORIENTED_EDGE ( 'NONE', *, *, #665, .T. ) ;
#2733 = CARTESIAN_POINT ( 'NONE',  ( -2.370986164273955143, 0.5000000000000000000, -4.678816582087982567 ) ) ;
#2734 = CARTESIAN_POINT ( 'NONE',  ( -2.064751801064715231, 0.1000000000000000056, -2.064751801064722336 ) ) ;
#2735 =( BOUNDED_SURFACE ( )  B_SPLINE_SURFACE ( 1, 2, ( 
 ( #1337, #2292, #413, #645, #1113, #1352, #1702, #505, #2152, #1462, #1921, #2402, #2770, #642, #611, #171, #2758, #1969, #1750, #2701, #2908, #574, #1514, #2468, #2016, #2943, #1547, #2502, #825, #592, #2237, #3001, #1819, #648, #430, #1586, #2547, #3018, #2310, #1841, #1371, #2116, #2838, #1405, #1436, #282, #482, #268, #939, #2163, #1911, #2849, #576, #2380, #717, #1494, #2135, #340, #1664, #1518, #2472, #355, #2120, #2134, #303, #1232, #765, #47, #1913, #715, #1709 ),
 ( #1662, #2619, #1202, #971, #64, #2181, #1930, #764, #2913, #79, #746, #1245, #1693, #1231, #1708, #1015, #2311, #879, #1587, #2294, #1568, #415, #2056, #1820, #630, #900, #396, #2073, #1842, #72, #1703, #2658, #1011, #524, #2670, #89, #1463, #2887, #310, #1240, #536, #1475, #2403, #294, #1225, #1957, #2476, #831, #1042, #317, #1288, #2911, #545, #797, #1740, #2690, #561, #343, #1271, #120, #2724, #596, #1534, #2901, #1473, #1950, #1903, #2433, #2842, #2386, #2681 ) ),
 .UNSPECIFIED., .F., .F., .F. ) 
 B_SPLINE_SURFACE_WITH_KNOTS ( ( 2, 2 ),
 ( 3, 2, 2, 2, 2, 2, 2, 2, 2, 2, 2, 2, 2, 2, 2, 2, 2, 2, 2, 2, 2, 2, 2, 2, 2, 2, 2, 2, 2, 2, 2, 2, 2, 2, 2, 3 ),
 ( 0.000000000000000000, 1.000000000000000000 ),
 ( 0.000000000000000000, 0.02500000000000000139, 0.05000000000000000278, 0.07499999999999999722, 0.1000000000000000056, 0.1250000000000000000, 0.1499999999999999944, 0.1749999999999999889, 0.2000000000000000111, 0.2250000000000000056, 0.2500000000000000000, 0.2750000000000000222, 0.2999999999999999889, 0.3250000000000000111, 0.3499999999999999778, 0.3750000000000000000, 0.4000000000000000222, 0.4249999999999999889, 0.4500000000000000111, 0.4749999999999999778, 0.5000000000000000000, 0.5250000000000000222, 0.5500000000000000444, 0.5749999999999999556, 0.5999999999999999778, 0.6250000000000000000, 0.6500000000000000222, 0.6750000000000000444, 0.6999999999999999556, 0.7249999999999999778, 0.7500000000000000000, 0.7750000000000000222, 0.8000000000000000444, 0.8249999999999999556, 0.8499999999999999778, 0.8750000000000000000 ),
 .UNSPECIFIED. ) 
 GEOMETRIC_REPRESENTATION_ITEM ( )  RATIONAL_B_SPLINE_SURFACE ( (
 ( 1.000000000000000000, 0.9238795325112867385, 1.000000000000000000, 0.9238795325112867385, 1.000000000000000000, 0.9238795325112867385, 1.000000000000000000, 0.9238795325112867385, 1.000000000000000000, 0.9238795325112867385, 1.000000000000000000, 0.9238795325112867385, 1.000000000000000000, 0.9238795325112867385, 1.000000000000000000, 0.9238795325112867385, 1.000000000000000000, 0.9238795325112867385, 1.000000000000000000, 0.9238795325112867385, 1.000000000000000000, 0.9238795325112867385, 1.000000000000000000, 0.9238795325112867385, 1.000000000000000000, 0.9238795325112867385, 1.000000000000000000, 0.9238795325112867385, 1.000000000000000000, 0.9238795325112867385, 1.000000000000000000, 0.9238795325112867385, 1.000000000000000000, 0.9238795325112867385, 1.000000000000000000, 0.9238795325112867385, 1.000000000000000000, 0.9238795325112867385, 1.000000000000000000, 0.9238795325112867385, 1.000000000000000000, 0.9238795325112867385, 1.000000000000000000, 0.9238795325112867385, 1.000000000000000000, 0.9238795325112867385, 1.000000000000000000, 0.9238795325112867385, 1.000000000000000000, 0.9238795325112867385, 1.000000000000000000, 0.9238795325112867385, 1.000000000000000000, 0.9238795325112867385, 1.000000000000000000, 0.9238795325112867385, 1.000000000000000000, 0.9238795325112867385, 1.000000000000000000, 0.9238795325112867385, 1.000000000000000000, 0.9238795325112867385, 1.000000000000000000, 0.9238795325112867385, 1.000000000000000000, 0.9238795325112867385, 1.000000000000000000, 0.9238795325112867385, 1.000000000000000000, 0.9238795325112867385, 1.000000000000000000),
 ( 1.000000000000000000, 0.9238795325112867385, 1.000000000000000000, 0.9238795325112867385, 1.000000000000000000, 0.9238795325112867385, 1.000000000000000000, 0.9238795325112867385, 1.000000000000000000, 0.9238795325112867385, 1.000000000000000000, 0.9238795325112867385, 1.000000000000000000, 0.9238795325112867385, 1.000000000000000000, 0.9238795325112867385, 1.000000000000000000, 0.9238795325112867385, 1.000000000000000000, 0.9238795325112867385, 1.000000000000000000, 0.9238795325112867385, 1.000000000000000000, 0.9238795325112867385, 1.000000000000000000, 0.9238795325112867385, 1.000000000000000000, 0.9238795325112867385, 1.000000000000000000, 0.9238795325112867385, 1.000000000000000000, 0.9238795325112867385, 1.000000000000000000, 0.9238795325112867385, 1.000000000000000000, 0.9238795325112867385, 1.000000000000000000, 0.9238795325112867385, 1.000000000000000000, 0.9238795325112867385, 1.000000000000000000, 0.9238795325112867385, 1.000000000000000000, 0.9238795325112867385, 1.000000000000000000, 0.9238795325112867385, 1.000000000000000000, 0.9238795325112867385, 1.000000000000000000, 0.9238795325112867385, 1.000000000000000000, 0.9238795325112867385, 1.000000000000000000, 0.9238795325112867385, 1.000000000000000000, 0.9238795325112867385, 1.000000000000000000, 0.9238795325112867385, 1.000000000000000000, 0.9238795325112867385, 1.000000000000000000, 0.9238795325112867385, 1.000000000000000000, 0.9238795325112867385, 1.000000000000000000, 0.9238795325112867385, 1.000000000000000000, 0.9238795325112867385, 1.000000000000000000, 0.9238795325112867385, 1.000000000000000000) ) ) 
 REPRESENTATION_ITEM ( '' )  SURFACE ( )  );
#2736 = ORIENTED_EDGE ( 'NONE', *, *, #194, .T. ) ;
#2737 = EDGE_LOOP ( 'NONE', ( #2115, #1424, #1183, #1219 ) ) ;
#2738 = CARTESIAN_POINT ( 'NONE',  ( -3.252606517456513302E-15, 8.000000001092475443, 2.066987300000000083 ) ) ;
#2739 = LINE ( 'NONE', #1315, #1069 ) ;
#2740 = CIRCLE ( 'NONE', #405, 4.650000000000002132 ) ;
#2741 = EDGE_CURVE ( 'NONE', #1831, #152, #2982, .T. ) ;
#2742 = ORIENTED_EDGE ( 'NONE', *, *, #2082, .F. ) ;
#2743 = CARTESIAN_POINT ( 'NONE',  ( 3.231477990022528779, 0.5000000000000000000, -3.231477990022517677 ) ) ;
#2744 = DIRECTION ( 'NONE',  ( 0.000000000000000000, 1.000000000000000000, 0.000000000000000000 ) ) ;
#2745 = DIRECTION ( 'NONE',  ( 0.7071067811865491270, 0.000000000000000000, -0.7071067811865461294 ) ) ;
#2746 = ORIENTED_EDGE ( 'NONE', *, *, #2422, .F. ) ;
#2747 = DIRECTION ( 'NONE',  ( -0.7071067811865487940, 0.000000000000000000, 0.7071067811865463515 ) ) ;
#2748 = EDGE_CURVE ( 'NONE', #225, #1199, #2727, .T. ) ;
#2749 = CARTESIAN_POINT ( 'NONE',  ( -2.111703165583712849, 0.5000000000000000000, -4.052852050157239816 ) ) ;
#2750 = PLANE ( 'NONE',  #1984 ) ;
#2751 = ORIENTED_EDGE ( 'NONE', *, *, #315, .T. ) ;
#2752 = ORIENTED_EDGE ( 'NONE', *, *, #1528, .F. ) ;
#2753 = CARTESIAN_POINT ( 'NONE',  ( -1.461580736456474794, 7.900000001092475799, 1.461580736456470353 ) ) ;
#2754 = CARTESIAN_POINT ( 'NONE',  ( 1.040834085586084257E-14, 0.000000000000000000, 2.919999999999999929 ) ) ;
#2755 = AXIS2_PLACEMENT_3D ( 'NONE', #2051, #1066, #200 ) ;
#2756 = EDGE_LOOP ( 'NONE', ( #3041, #2529, #2376, #1655 ) ) ;
#2757 = FACE_OUTER_BOUND ( 'NONE', #419, .T. ) ;
#2758 = CARTESIAN_POINT ( 'NONE',  ( -1.461580736456470131, 10.10000000109247509, -1.461580736456475016 ) ) ;
#2759 = AXIS2_PLACEMENT_3D ( 'NONE', #925, #456, #426 ) ;
#2760 = DIRECTION ( 'NONE',  ( 0.000000000000000000, -1.000000000000000000, -0.000000000000000000 ) ) ;
#2761 = DIRECTION ( 'NONE',  ( 0.000000000000000000, -1.000000000000000000, -0.000000000000000000 ) ) ;
#2762 = CARTESIAN_POINT ( 'NONE',  ( 2.500000000000001776, 8.500000000000001776, -1.035533905932738419 ) ) ;
#2763 = DIRECTION ( 'NONE',  ( 0.000000000000000000, 1.000000000000000000, 0.000000000000000000 ) ) ;
#2764 = DIRECTION ( 'NONE',  ( 0.000000000000000000, -1.000000000000000000, 0.000000000000000000 ) ) ;
#2765 = EDGE_LOOP ( 'NONE', ( #345, #2893, #1932, #528 ) ) ;
#2766 = EDGE_LOOP ( 'NONE', ( #3024, #2356 ) ) ;
#2767 = CARTESIAN_POINT ( 'NONE',  ( 2.066987300000001859, 7.450000001092475621, -0.8561741729129417333 ) ) ;
#2768 = ORIENTED_EDGE ( 'NONE', *, *, #1193, .T. ) ;
#2769 = DIRECTION ( 'NONE',  ( 0.000000000000000000, 1.000000000000000000, 0.000000000000000000 ) ) ;
#2770 = CARTESIAN_POINT ( 'NONE',  ( -1.461580736456474794, 10.30000000109247438, 1.461580736456470353 ) ) ;
#2771 = FILL_AREA_STYLE ('',( #876 ) ) ;
#2772 = ADVANCED_FACE ( 'NONE', ( #584 ), #1503, .F. ) ;
#2773 = CARTESIAN_POINT ( 'NONE',  ( 2.223850826831688554, -6.399999999999999467, 1.905652775297749457 ) ) ;
#2774 = CIRCLE ( 'NONE', #127, 1.949999999999999734 ) ;
#2775 = ORIENTED_EDGE ( 'NONE', *, *, #493, .T. ) ;
#2776 = DIRECTION ( 'NONE',  ( -0.7071067811865487940, 0.000000000000000000, 0.7071067811865462405 ) ) ;
#2777 = DIRECTION ( 'NONE',  ( 0.000000000000000000, 1.000000000000000000, 0.000000000000000000 ) ) ;
#2778 = MECHANICAL_DESIGN_GEOMETRIC_PRESENTATION_REPRESENTATION (  '', ( #397 ), #1335 ) ;
#2779 = AXIS2_PLACEMENT_3D ( 'NONE', #2734, #1090, #1767 ) ;
#2780 = ORIENTED_EDGE ( 'NONE', *, *, #1186, .T. ) ;
#2781 = CARTESIAN_POINT ( 'NONE',  ( -2.066987299999999195, 9.950000001092474733, -0.8561741729129475065 ) ) ;
#2782 = DIRECTION ( 'NONE',  ( -0.7071067811865491270, 0.000000000000000000, 0.7071067811865461294 ) ) ;
#2783 = CARTESIAN_POINT ( 'NONE',  ( -1.461580736456474794, 7.700000001092475621, 1.461580736456470353 ) ) ;
#2784 = CARTESIAN_POINT ( 'NONE',  ( 0.000000000000000000, 0.7499999999999995559, 0.000000000000000000 ) ) ;
#2785 = CARTESIAN_POINT ( 'NONE',  ( 3.231477990022528779, 0.7500000000000000000, -3.231477990022517677 ) ) ;
#2786 = CARTESIAN_POINT ( 'NONE',  ( 1.035533905932736864, 7.900000002184951242, -2.499999999999998668 ) ) ;
#2787 = CARTESIAN_POINT ( 'NONE',  ( -1.040834085586084257E-14, -6.399999999999999467, -2.919999999999999929 ) ) ;
#2788 = AXIS2_PLACEMENT_3D ( 'NONE', #1978, #2462, #2714 ) ;
#2789 = VERTEX_POINT ( 'NONE', #372 ) ;
#2790 = EDGE_LOOP ( 'NONE', ( #2093, #1959 ) ) ;
#2791 = DIRECTION ( 'NONE',  ( 0.000000000000000000, 1.000000000000000000, 0.000000000000000000 ) ) ;
#2792 = ADVANCED_FACE ( 'NONE', ( #1523 ), #1275, .T. ) ;
#2793 = VERTEX_POINT ( 'NONE', #1305 ) ;
#2794 = CARTESIAN_POINT ( 'NONE',  ( -1.461580736456470131, 9.900000001092474022, -1.461580736456475016 ) ) ;
#2795 = CARTESIAN_POINT ( 'NONE',  ( 0.8561741729129487277, 8.150000001092474022, -2.066987299999998751 ) ) ;
#2796 = EDGE_CURVE ( 'NONE', #2833, #453, #1527, .T. ) ;
#2797 = CARTESIAN_POINT ( 'NONE',  ( 0.6702820041304394794, 7.650000000000001243, -2.125135801581174544 ) ) ;
#2798 = DIRECTION ( 'NONE',  ( 0.000000000000000000, -1.000000000000000000, 0.000000000000000000 ) ) ;
#2799 = DIRECTION ( 'NONE',  ( -0.7071067811865487940, 0.000000000000000000, 0.7071067811865463515 ) ) ;
#2800 = AXIS2_PLACEMENT_3D ( 'NONE', #475, #2368, #259 ) ;
#2801 = CARTESIAN_POINT ( 'NONE',  ( 1.035533905932731980, 9.500000002184949111, -2.499999999999998668 ) ) ;
#2802 = DIRECTION ( 'NONE',  ( -0.7071067811865482389, 0.000000000000000000, 0.7071067811865467956 ) ) ;
#2803 = PRESENTATION_LAYER_ASSIGNMENT (  '', '', ( #1024 ) ) ;
#2804 = DIRECTION ( 'NONE',  ( 0.000000000000000000, -1.000000000000000000, -0.000000000000000000 ) ) ;
#2805 = DIRECTION ( 'NONE',  ( 0.000000000000000000, 1.000000000000000000, 0.000000000000000000 ) ) ;
#2806 = ORIENTED_EDGE ( 'NONE', *, *, #762, .F. ) ;
#2807 = ORIENTED_EDGE ( 'NONE', *, *, #1193, .F. ) ;
#2808 = ORIENTED_EDGE ( 'NONE', *, *, #1362, .F. ) ;
#2809 = CARTESIAN_POINT ( 'NONE',  ( 3.469446951953614189E-15, 9.000000001092473667, -2.066987300000000083 ) ) ;
#2810 = CARTESIAN_POINT ( 'NONE',  ( 3.469446951953614189E-15, 10.60000000109247509, -2.066987300000000083 ) ) ;
#2811 = CARTESIAN_POINT ( 'NONE',  ( 1.028258191182110259, 7.650000000000001243, -2.018985708853560546 ) ) ;
#2812 = DIRECTION ( 'NONE',  ( 0.000000000000000000, 1.000000000000000000, 0.000000000000000000 ) ) ;
#2813 = DIRECTION ( 'NONE',  ( 0.000000000000000000, 1.000000000000000000, 0.000000000000000000 ) ) ;
#2814 = PLANE ( 'NONE',  #1248 ) ;
#2815 = EDGE_CURVE ( 'NONE', #784, #1691, #1472, .T. ) ;
#2816 = CARTESIAN_POINT ( 'NONE',  ( 1.040834085586084257E-14, 0.1000000000000000056, 2.919999999999999929 ) ) ;
#2817 = PRESENTATION_LAYER_ASSIGNMENT (  '', '', ( #2027 ) ) ;
#2818 = CARTESIAN_POINT ( 'NONE',  ( -1.458957156541931033, 7.650000000000005684, 1.608754092639352429 ) ) ;
#2819 = AXIS2_PLACEMENT_3D ( 'NONE', #2675, #2853, #1467 ) ;
#2820 = ORIENTED_EDGE ( 'NONE', *, *, #2993, .F. ) ;
#2821 = CARTESIAN_POINT ( 'NONE',  ( 0.8561741729129486167, 8.350000001092475088, -2.066987299999998751 ) ) ;
#2822 = ORIENTED_EDGE ( 'NONE', *, *, #96, .F. ) ;
#2823 = CARTESIAN_POINT ( 'NONE',  ( 3.469446951953614189E-15, 10.60000000109247509, -2.066987300000000083 ) ) ;
#2824 = CARTESIAN_POINT ( 'NONE',  ( 3.469446951953614189E-15, 8.200000001092474733, -2.066987300000000083 ) ) ;
#2825 = EDGE_CURVE ( 'NONE', #2789, #2539, #1777, .T. ) ;
#2826 = DIRECTION ( 'NONE',  ( 0.000000000000000000, -1.000000000000000000, 0.000000000000000000 ) ) ;
#2827 = AXIS2_PLACEMENT_3D ( 'NONE', #247, #2605, #2802 ) ;
#2828 = CARTESIAN_POINT ( 'NONE',  ( -3.231477990022528335, 0.5000000000000000000, 3.231477990022518565 ) ) ;
#2829 = EDGE_CURVE ( 'NONE', #153, #2929, #2527, .T. ) ;
#2830 = DIRECTION ( 'NONE',  ( 0.000000000000000000, -1.000000000000000000, 0.000000000000000000 ) ) ;
#2831 = CARTESIAN_POINT ( 'NONE',  ( 0.5910519820017675618, 7.650000000000002132, 2.314246848313938898 ) ) ;
#2832 = UNCERTAINTY_MEASURE_WITH_UNIT (LENGTH_MEASURE( 1.000000000000000082E-05 ), #1187, 'distance_accuracy_value', 'NONE');
#2833 = VERTEX_POINT ( 'NONE', #1836 ) ;
#2834 = CARTESIAN_POINT ( 'NONE',  ( -3.252606517456513302E-15, 8.000000001092475443, 2.066987300000000083 ) ) ;
#2835 = MANIFOLD_SOLID_BREP ( 'Body-Move/Copy2[9]', #646 ) ;
#2836 = DIRECTION ( 'NONE',  ( 0.000000000000000000, 1.000000000000000000, 0.000000000000000000 ) ) ;
#2837 = ORIENTED_EDGE ( 'NONE', *, *, #1362, .T. ) ;
#2838 = CARTESIAN_POINT ( 'NONE',  ( -3.252606517456513302E-15, 8.800000001092476154, 2.066987300000000083 ) ) ;
#2839 = DIRECTION ( 'NONE',  ( 0.000000000000000000, 1.000000000000000000, 0.000000000000000000 ) ) ;
#2840 = DIRECTION ( 'NONE',  ( 0.000000000000000000, 1.000000000000000000, 0.000000000000000000 ) ) ;
#2841 = AXIS2_PLACEMENT_3D ( 'NONE', #2754, #602, #183 ) ;
#2842 = CARTESIAN_POINT ( 'NONE',  ( 1.767766952966371985, 7.750000000000000888, -1.767766952966365990 ) ) ;
#2843 = CARTESIAN_POINT ( 'NONE',  ( 0.000000000000000000, 10.07000000000000028, 0.000000000000000000 ) ) ;
#2844 = CIRCLE ( 'NONE', #1909, 4.570000000000001172 ) ;
#2845 = EDGE_LOOP ( 'NONE', ( #36, #2548 ) ) ;
#2846 = CARTESIAN_POINT ( 'NONE',  ( 2.066987299999999639, 9.000000001092473667, 3.252606517456513302E-15 ) ) ;
#2847 = VECTOR ( 'NONE', #2925, 1000.000000000000000 ) ;
#2848 = VERTEX_POINT ( 'NONE', #468 ) ;
#2849 = CARTESIAN_POINT ( 'NONE',  ( 0.8561741729129487277, 8.350000001092475088, -2.066987299999998751 ) ) ;
#2850 = EDGE_CURVE ( 'NONE', #2317, #366, #2463, .T. ) ;
#2851 = CARTESIAN_POINT ( 'NONE',  ( -3.252606517456513302E-15, 9.400000001092474022, 2.066987300000000083 ) ) ;
#2852 = AXIS2_PLACEMENT_3D ( 'NONE', #1711, #1006, #769 ) ;
#2853 = DIRECTION ( 'NONE',  ( -0.7071067811865487940, 0.000000000000000000, 0.7071067811865463515 ) ) ;
#2854 = ORIENTED_EDGE ( 'NONE', *, *, #2047, .T. ) ;
#2855 = CARTESIAN_POINT ( 'NONE',  ( -1.461580736456470131, 9.900000001092474022, -1.461580736456475016 ) ) ;
#2856 = SURFACE_STYLE_USAGE ( .BOTH. , #2900 ) ;
#2857 = CARTESIAN_POINT ( 'NONE',  ( -1.040834085586084257E-14, 0.000000000000000000, -2.919999999999999929 ) ) ;
#2858 = EDGE_CURVE ( 'NONE', #2662, #543, #1410, .T. ) ;
#2859 = LINE ( 'NONE', #2151, #1209 ) ;
#2860 = CIRCLE ( 'NONE', #635, 0.3867949192431124339 ) ;
#2861 = CARTESIAN_POINT ( 'NONE',  ( 0.000000000000000000, 11.14999999999999858, 0.000000000000000000 ) ) ;
#2862 = VERTEX_POINT ( 'NONE', #1394 ) ;
#2863 = CARTESIAN_POINT ( 'NONE',  ( 1.461580736456470353, 8.900000001092475799, 1.461580736456474794 ) ) ;
#2864 = VECTOR ( 'NONE', #783, 1000.000000000000227 ) ;
#2865 = VERTEX_POINT ( 'NONE', #199 ) ;
#2866 = CARTESIAN_POINT ( 'NONE',  ( 1.461580736456470353, 7.900000001092474022, 1.461580736456474794 ) ) ;
#2867 = ORIENTED_EDGE ( 'NONE', *, *, #139, .T. ) ;
#2868 = DIRECTION ( 'NONE',  ( -0.7071067811865484609, 0.000000000000000000, 0.7071067811865465735 ) ) ;
#2869 = CARTESIAN_POINT ( 'NONE',  ( 1.461580736456470353, 9.500000001092475443, 1.461580736456474794 ) ) ;
#2870 = CARTESIAN_POINT ( 'NONE',  ( 0.000000000000000000, 0.1000000000000000056, 0.000000000000000000 ) ) ;
#2871 = CARTESIAN_POINT ( 'NONE',  ( 0.000000000000000000, 7.650000000000001243, 0.000000000000000000 ) ) ;
#2872 = DIRECTION ( 'NONE',  ( 0.000000000000000000, 1.000000000000000000, 0.000000000000000000 ) ) ;
#2873 = EDGE_CURVE ( 'NONE', #923, #152, #2119, .T. ) ;
#2874 = CIRCLE ( 'NONE', #2038, 4.570000000000001172 ) ;
#2875 = ORIENTED_EDGE ( 'NONE', *, *, #962, .F. ) ;
#2876 = CARTESIAN_POINT ( 'NONE',  ( -0.8561741729129415113, 8.450000001092476509, -2.066987300000001415 ) ) ;
#2877 = CARTESIAN_POINT ( 'NONE',  ( -3.252606517456513302E-15, 7.800000001092475266, 2.066987300000000083 ) ) ;
#2878 = ORIENTED_EDGE ( 'NONE', *, *, #2521, .T. ) ;
#2879 = CARTESIAN_POINT ( 'NONE',  ( 0.8561741729129421774, 7.850000001092475088, 2.066987300000001859 ) ) ;
#2880 =( NAMED_UNIT ( * ) PLANE_ANGLE_UNIT ( ) SI_UNIT ( $, .RADIAN. ) );
#2881 = AXIS2_PLACEMENT_3D ( 'NONE', #1357, #2244, #2258 ) ;
#2882 = DIRECTION ( 'NONE',  ( -0.7071067811865487940, 0.000000000000000000, 0.7071067811865462405 ) ) ;
#2883 = CARTESIAN_POINT ( 'NONE',  ( -0.8561741729129415113, 8.250000001092473667, -2.066987300000001415 ) ) ;
#2884 = CARTESIAN_POINT ( 'NONE',  ( -1.767766952966371763, 9.850000002184948755, 1.767766952966366212 ) ) ;
#2885 = MANIFOLD_SOLID_BREP ( 'Body-Move/Copy2[7]', #2532 ) ;
#2886 = LINE ( 'NONE', #2232, #2649 ) ;
#2887 = CARTESIAN_POINT ( 'NONE',  ( 2.500000000000002220, 9.300000000000000711, -1.035533905932733534 ) ) ;
#2888 = AXIS2_PLACEMENT_3D ( 'NONE', #2731, #2012, #1280 ) ;
#2889 = VERTEX_POINT ( 'NONE', #93 ) ;
#2890 = CARTESIAN_POINT ( 'NONE',  ( 1.767766952966371985, 8.550000000000000711, -1.767766952966365990 ) ) ;
#2891 = MANIFOLD_SOLID_BREP ( 'Body-Move/Copy2[3]', #948 ) ;
#2892 = CIRCLE ( 'NONE', #1218, 3.000000000000003109 ) ;
#2893 = ORIENTED_EDGE ( 'NONE', *, *, #541, .T. ) ;
#2894 = CARTESIAN_POINT ( 'NONE',  ( -2.066987299999999195, 7.550000001092475266, -0.8561741729129475065 ) ) ;
#2895 = SURFACE_SIDE_STYLE ('',( #2395 ) ) ;
#2896 = EDGE_LOOP ( 'NONE', ( #1108, #2032, #16, #136, #1281, #1772, #2633 ) ) ;
#2897 = LINE ( 'NONE', #1960, #719 ) ;
#2898 = CARTESIAN_POINT ( 'NONE',  ( -2.066987299999998751, 8.350000001092475088, -0.8561741729129473955 ) ) ;
#2899 = CARTESIAN_POINT ( 'NONE',  ( -2.499999999999999112, 8.100000002184948755, -1.035533905932740639 ) ) ;
#2900 = SURFACE_SIDE_STYLE ('',( #1949 ) ) ;
#2901 = CARTESIAN_POINT ( 'NONE',  ( -2.499999999999999112, 8.000000000000000000, -1.035533905932740639 ) ) ;
#2902 = CYLINDRICAL_SURFACE ( 'NONE', #2096, 0.2250000000000000056 ) ;
#2903 = CARTESIAN_POINT ( 'NONE',  ( -1.631882538264927796, 0.5000000000000000000, -4.984963327980056924 ) ) ;
#2904 = EDGE_CURVE ( 'NONE', #670, #954, #2077, .T. ) ;
#2905 = ORIENTED_EDGE ( 'NONE', *, *, #1642, .T. ) ;
#2906 = CARTESIAN_POINT ( 'NONE',  ( -2.934493141924177539, 11.65000000000000036, 2.934493141924168214 ) ) ;
#2907 = CARTESIAN_POINT ( 'NONE',  ( -1.767766952966371763, 9.050000002184949821, 1.767766952966366212 ) ) ;
#2908 = CARTESIAN_POINT ( 'NONE',  ( 1.461580736456475016, 9.900000001092475799, -1.461580736456470131 ) ) ;
#2909 = ORIENTED_EDGE ( 'NONE', *, *, #3038, .T. ) ;
#2910 = CARTESIAN_POINT ( 'NONE',  ( -2.066987299999999639, 7.600000001092475088, -3.252606517456513302E-15 ) ) ;
#2911 = CARTESIAN_POINT ( 'NONE',  ( 1.035533905932741972, 8.600000000000001421, -2.499999999999998668 ) ) ;
#2912 = VECTOR ( 'NONE', #837, 1000.000000000000000 ) ;
#2913 = CARTESIAN_POINT ( 'NONE',  ( 1.767766952966366212, 10.75000000000000000, 1.767766952966371763 ) ) ;
#2914 = PRESENTATION_STYLE_ASSIGNMENT (( #3021 ) ) ;
#2915 = ORIENTED_EDGE ( 'NONE', *, *, #2621, .F. ) ;
#2916 = CARTESIAN_POINT ( 'NONE',  ( 2.500000000000000444, 7.750000002184949999, 4.119968255444916849E-15 ) ) ;
#2917 = ADVANCED_FACE ( 'NONE', ( #1002 ), #515, .T. ) ;
#2918 = CARTESIAN_POINT ( 'NONE',  ( -2.066987300000001415, 8.450000001092474733, 0.8561741729129409562 ) ) ;
#2919 = CLOSED_SHELL ( 'NONE', ( #850, #2172, #2199, #1591 ) ) ;
#2920 = CARTESIAN_POINT ( 'NONE',  ( -1.767766952966365990, 8.850000002184948755, -1.767766952966371985 ) ) ;
#2921 = CARTESIAN_POINT ( 'NONE',  ( 1.767766952966371985, 10.14999999999999858, -1.767766952966365990 ) ) ;
#2922 = PRESENTATION_LAYER_ASSIGNMENT (  '', '', ( #1197 ) ) ;
#2923 = EDGE_CURVE ( 'NONE', #2862, #225, #2379, .T. ) ;
#2924 = CARTESIAN_POINT ( 'NONE',  ( 4.336808689942017736E-15, 8.650000000000000355, -2.500000000000000444 ) ) ;
#2925 = DIRECTION ( 'NONE',  ( 0.000000000000000000, 1.000000000000000000, 0.000000000000000000 ) ) ;
#2926 = EDGE_CURVE ( 'NONE', #3022, #856, #1381, .T. ) ;
#2927 = DIRECTION ( 'NONE',  ( 0.000000000000000000, -1.000000000000000000, -0.000000000000000000 ) ) ;
#2928 = AXIS2_PLACEMENT_3D ( 'NONE', #437, #1377, #1515 ) ;
#2929 = VERTEX_POINT ( 'NONE', #2428 ) ;
#2930 = ORIENTED_EDGE ( 'NONE', *, *, #2382, .F. ) ;
#2931 = CARTESIAN_POINT ( 'NONE',  ( 0.8561741729129487277, 7.350000001092474200, -2.066987299999998751 ) ) ;
#2932 = ADVANCED_FACE ( 'NONE', ( #2441 ), #1943, .F. ) ;
#2933 = CARTESIAN_POINT ( 'NONE',  ( -2.370986164273955143, 0.5000000000000000000, -4.678816582087982567 ) ) ;
#2934 = ORIENTED_EDGE ( 'NONE', *, *, #2661, .T. ) ;
#2935 = CARTESIAN_POINT ( 'NONE',  ( -2.500000000000000444, 8.050000000000000711, -3.686287386450715076E-15 ) ) ;
#2936 = CIRCLE ( 'NONE', #1160, 0.2249999999999999223 ) ;
#2937 = LINE ( 'NONE', #2037, #1929 ) ;
#2938 = CARTESIAN_POINT ( 'NONE',  ( -2.500000000000002220, 9.000000002184949111, 1.035533905932732868 ) ) ;
#2939 = CARTESIAN_POINT ( 'NONE',  ( -1.040834085586084257E-14, -6.399999999999999467, -2.919999999999999929 ) ) ;
#2940 = DIRECTION ( 'NONE',  ( 0.000000000000000000, 1.000000000000000000, 0.000000000000000000 ) ) ;
#2941 = FACE_OUTER_BOUND ( 'NONE', #1378, .T. ) ;
#2942 = DIRECTION ( 'NONE',  ( 0.7071067811865487940, 0.000000000000000000, -0.7071067811865463515 ) ) ;
#2943 = CARTESIAN_POINT ( 'NONE',  ( 0.8561741729129421774, 9.650000001092475799, 2.066987300000001859 ) ) ;
#2944 = CYLINDRICAL_SURFACE ( 'NONE', #497, 0.3499999999999998668 ) ;
#2945 =( BOUNDED_CURVE ( )  B_SPLINE_CURVE ( 2, ( #1764, #2762, #1791, #2513, #586, #2715, #2496, #374, #1747 ),
 .UNSPECIFIED., .F., .T. ) 
 B_SPLINE_CURVE_WITH_KNOTS ( ( 3, 2, 2, 2, 3 ),
 ( 0.6499999999999999112, 0.6749999999999999334, 0.6999999999999998446, 0.7249999999999997558, 0.7499999999999997780 ),
 .UNSPECIFIED. ) 
 CURVE ( )  GEOMETRIC_REPRESENTATION_ITEM ( )  RATIONAL_B_SPLINE_CURVE ( ( 1.000000000000000444, 0.9238795325112864054, 1.000000000000000000, 0.9238795325112867385, 1.000000000000000000, 0.9238795325112867385, 1.000000000000000000, 0.9238795325112874046, 0.9999999999999993339 ) ) 
 REPRESENTATION_ITEM ( '' )  );
#2946 = AXIS2_PLACEMENT_3D ( 'NONE', #1330, #2286, #813 ) ;
#2947 = ORIENTED_EDGE ( 'NONE', *, *, #589, .T. ) ;
#2948 = ORIENTED_EDGE ( 'NONE', *, *, #1780, .F. ) ;
#2949 = CARTESIAN_POINT ( 'NONE',  ( -0.8561741729129415113, 7.650000001092475799, -2.066987300000001859 ) ) ;
#2950 = TOROIDAL_SURFACE ( 'NONE', #1610, 4.860000000000000320, 0.7500000000000001110 ) ;
#2951 = AXIS2_PLACEMENT_3D ( 'NONE', #1282, #1073, #1968 ) ;
#2952 = AXIS2_PLACEMENT_3D ( 'NONE', #2718, #2030, #2252 ) ;
#2953 = ADVANCED_FACE ( 'NONE', ( #1899 ), #2165, .F. ) ;
#2954 = VERTEX_POINT ( 'NONE', #1453 ) ;
#2955 = CARTESIAN_POINT ( 'NONE',  ( -1.040834085586084257E-14, 0.000000000000000000, -2.919999999999999929 ) ) ;
#2956 = DIRECTION ( 'NONE',  ( 0.5000000000000028866, 0.7071067811865446862, -0.5000000000000009992 ) ) ;
#2957 = DIRECTION ( 'NONE',  ( 0.000000000000000000, 1.000000000000000000, 0.000000000000000000 ) ) ;
#2958 = DIRECTION ( 'NONE',  ( 0.3826834323650936676, 0.000000000000000000, 0.9238795325112850731 ) ) ;
#2959 = CARTESIAN_POINT ( 'NONE',  ( -1.461580736456470131, 10.80000000109247438, -1.461580736456475016 ) ) ;
#2960 = EDGE_CURVE ( 'NONE', #2458, #2793, #2029, .T. ) ;
#2961 = ORIENTED_EDGE ( 'NONE', *, *, #958, .F. ) ;
#2962 = CARTESIAN_POINT ( 'NONE',  ( 0.3959797974644566620, 0.1000000000000000056, -3.315979797464465140 ) ) ;
#2963 = ORIENTED_EDGE ( 'NONE', *, *, #2486, .F. ) ;
#2964 = DIRECTION ( 'NONE',  ( 0.000000000000000000, -1.000000000000000000, 0.000000000000000000 ) ) ;
#2965 = VECTOR ( 'NONE', #457, 1000.000000000000000 ) ;
#2966 = DIRECTION ( 'NONE',  ( -0.7071067811865486830, 0.000000000000000000, 0.7071067811865462405 ) ) ;
#2967 = CARTESIAN_POINT ( 'NONE',  ( -1.645030937392304216, 7.650000000000005684, -1.258827244710605919 ) ) ;
#2968 = PRESENTATION_LAYER_ASSIGNMENT (  '', '', ( #2582 ) ) ;
#2969 = EDGE_CURVE ( 'NONE', #1417, #3022, #1633, .T. ) ;
#2970 = CARTESIAN_POINT ( 'NONE',  ( 0.000000000000000000, 10.07000000000000028, 0.000000000000000000 ) ) ;
#2971 = VERTEX_POINT ( 'NONE', #2620 ) ;
#2972 = DIRECTION ( 'NONE',  ( 0.000000000000000000, 1.000000000000000000, 0.000000000000000000 ) ) ;
#2973 = ADVANCED_FACE ( 'NONE', ( #972 ), #1096, .T. ) ;
#2974 = CARTESIAN_POINT ( 'NONE',  ( -1.035533905932745968, 9.100000002184950532, 2.499999999999999556 ) ) ;
#2975 = CARTESIAN_POINT ( 'NONE',  ( -1.909647267044297658, 7.650000000000063416, 0.7910017786525727068 ) ) ;
#2976 = ORIENTED_EDGE ( 'NONE', *, *, #1186, .F. ) ;
#2977 = VERTEX_POINT ( 'NONE', #1771 ) ;
#2978 = DIRECTION ( 'NONE',  ( 0.7071067811865484609, 0.000000000000000000, -0.7071067811865465735 ) ) ;
#2979 = VECTOR ( 'NONE', #553, 1000.000000000000114 ) ;
#2980 = ORIENTED_EDGE ( 'NONE', *, *, #264, .T. ) ;
#2981 = CARTESIAN_POINT ( 'NONE',  ( 2.500000000000000444, 7.650000000000001243, 4.119968255444916849E-15 ) ) ;
#2982 = LINE ( 'NONE', #182, #393 ) ;
#2983 = CARTESIAN_POINT ( 'NONE',  ( -2.499999999999999112, 9.600000000000001421, -1.035533905932740639 ) ) ;
#2984 = ORIENTED_EDGE ( 'NONE', *, *, #514, .F. ) ;
#2985 = PRODUCT_DEFINITION_FORMATION_WITH_SPECIFIED_SOURCE ( 'ANY', '', #2211, .NOT_KNOWN. ) ;
#2986 = DIRECTION ( 'NONE',  ( 0.000000000000000000, 1.000000000000000000, 0.000000000000000000 ) ) ;
#2987 = DIRECTION ( 'NONE',  ( 0.000000000000000000, -1.000000000000000000, 0.000000000000000000 ) ) ;
#2988 = ORIENTED_EDGE ( 'NONE', *, *, #980, .T. ) ;
#2989 = CARTESIAN_POINT ( 'NONE',  ( 2.066987300000001415, 10.65000000109247758, -0.8561741729129417333 ) ) ;
#2990 = CARTESIAN_POINT ( 'NONE',  ( 2.066987299999998751, 8.150000001092474022, 0.8561741729129487277 ) ) ;
#2991 = CIRCLE ( 'NONE', #1907, 4.150000000000001243 ) ;
#2992 = DIRECTION ( 'NONE',  ( 0.7071067811865484609, 0.000000000000000000, -0.7071067811865465735 ) ) ;
#2993 = EDGE_CURVE ( 'NONE', #26, #2523, #490, .T. ) ;
#2994 = ORIENTED_EDGE ( 'NONE', *, *, #618, .T. ) ;
#2995 = CARTESIAN_POINT ( 'NONE',  ( -1.767766952966371763, 9.750000000000000000, 1.767766952966366212 ) ) ;
#2996 = AXIS2_PLACEMENT_3D ( 'NONE', #2125, #1456, #2882 ) ;
#2997 = CARTESIAN_POINT ( 'NONE',  ( 0.4820290753432311948, 7.650000000000003020, -2.155989633091690116 ) ) ;
#2998 = CYLINDRICAL_SURFACE ( 'NONE', #1803, 0.1499999999999991340 ) ;
#2999 = AXIS2_PLACEMENT_3D ( 'NONE', #2579, #2763, #1355 ) ;
#3000 = DIRECTION ( 'NONE',  ( 0.7071067811865487940, 0.000000000000000000, -0.7071067811865462405 ) ) ;
#3001 = CARTESIAN_POINT ( 'NONE',  ( -2.066987299999999195, 9.350000001092473312, -0.8561741729129475065 ) ) ;
#3002 = DIRECTION ( 'NONE',  ( 0.000000000000000000, 1.000000000000000000, 0.000000000000000000 ) ) ;
#3003 = VECTOR ( 'NONE', #2557, 1000.000000000000000 ) ;
#3004 = EDGE_LOOP ( 'NONE', ( #843, #827 ) ) ;
#3005 = CARTESIAN_POINT ( 'NONE',  ( 1.767766952966371985, 9.450000002184950176, -1.767766952966365990 ) ) ;
#3006 = DIRECTION ( 'NONE',  ( -0.7071067811865486830, 0.000000000000000000, 0.7071067811865462405 ) ) ;
#3007 = ORIENTED_EDGE ( 'NONE', *, *, #2636, .F. ) ;
#3008 = CARTESIAN_POINT ( 'NONE',  ( 2.066987299999998751, 9.550000001092474378, 0.8561741729129487277 ) ) ;
#3009 = CARTESIAN_POINT ( 'NONE',  ( -3.288046532517451492, 11.14999999999999858, 3.288046532517441278 ) ) ;
#3010 = VECTOR ( 'NONE', #2836, 1000.000000000000000 ) ;
#3011 =( NAMED_UNIT ( * ) SI_UNIT ( $, .STERADIAN. ) SOLID_ANGLE_UNIT ( ) );
#3012 = CIRCLE ( 'NONE', #1037, 4.570000000000001172 ) ;
#3013 = EDGE_CURVE ( 'NONE', #855, #2862, #1044, .T. ) ;
#3014 = DIRECTION ( 'NONE',  ( 0.000000000000000000, -1.000000000000000000, 0.000000000000000000 ) ) ;
#3015 = AXIS2_PLACEMENT_3D ( 'NONE', #65, #1482, #530 ) ;
#3016 = CARTESIAN_POINT ( 'NONE',  ( 2.499999999999998668, 10.00000000000000178, 1.035533905932741972 ) ) ;
#3017 = DIRECTION ( 'NONE',  ( -0.6123724356957945814, 0.4999999999999975575, -0.6123724356957965798 ) ) ;
#3018 = CARTESIAN_POINT ( 'NONE',  ( 2.066987300000001859, 9.050000001092479707, -0.8561741729129417333 ) ) ;
#3019 = DIRECTION ( 'NONE',  ( -0.7071067811865486830, 0.000000000000000000, 0.7071067811865462405 ) ) ;
#3020 = CYLINDRICAL_SURFACE ( 'NONE', #1982, 0.2249999999999995060 ) ;
#3021 = SURFACE_STYLE_USAGE ( .BOTH. , #1972 ) ;
#3022 = VERTEX_POINT ( 'NONE', #833 ) ;
#3023 = EDGE_CURVE ( 'NONE', #2465, #2971, #2231, .T. ) ;
#3024 = ORIENTED_EDGE ( 'NONE', *, *, #665, .F. ) ;
#3025 = LINE ( 'NONE', #656, #738 ) ;
#3026 = CARTESIAN_POINT ( 'NONE',  ( 1.767766952966371985, 7.850000002184949643, -1.767766952966365990 ) ) ;
#3027 = CIRCLE ( 'NONE', #2779, 0.5600000000000002753 ) ;
#3028 = EDGE_LOOP ( 'NONE', ( #509, #1742, #1465, #1626 ) ) ;
#3029 = CARTESIAN_POINT ( 'NONE',  ( 1.035533905932741972, 7.100000002184949643, -2.499999999999998668 ) ) ;
#3030 = EDGE_CURVE ( 'NONE', #1195, #2048, #1933, .T. ) ;
#3031 = CARTESIAN_POINT ( 'NONE',  ( -3.252606517456513302E-15, 10.20000000109247473, 2.066987300000000083 ) ) ;
#3032 = AXIS2_PLACEMENT_3D ( 'NONE', #1917, #1263, #86 ) ;
#3033 = CARTESIAN_POINT ( 'NONE',  ( 0.000000000000000000, 0.7500000000000000000, 0.000000000000000000 ) ) ;
#3034 = CARTESIAN_POINT ( 'NONE',  ( -0.8561741729129476175, 8.550000001092477930, 2.066987299999999195 ) ) ;
#3035 = DIRECTION ( 'NONE',  ( 0.000000000000000000, -1.000000000000000000, -0.000000000000000000 ) ) ;
#3036 =( NAMED_UNIT ( * ) SI_UNIT ( $, .STERADIAN. ) SOLID_ANGLE_UNIT ( ) );
#3037 = FACE_OUTER_BOUND ( 'NONE', #1229, .T. ) ;
#3038 = EDGE_CURVE ( 'NONE', #2569, #2226, #2076, .T. ) ;
#3039 = FILL_AREA_STYLE_COLOUR ( '', #1045 ) ;
#3040 = AXIS2_PLACEMENT_3D ( 'NONE', #2248, #147, #1474 ) ;
#3041 = ORIENTED_EDGE ( 'NONE', *, *, #194, .F. ) ;
#3042 = CARTESIAN_POINT ( 'NONE',  ( -2.934493141924177539, 0.8699999999999998845, 2.934493141924168214 ) ) ;
#3043 = FACE_OUTER_BOUND ( 'NONE', #744, .T. ) ;
#3044 = EDGE_LOOP ( 'NONE', ( #1896, #2867, #1719, #558 ) ) ;
#3045 = CARTESIAN_POINT ( 'NONE',  ( 0.8561741729129487277, 10.55000000109247438, -2.066987299999998751 ) ) ;
#3046 = FACE_BOUND ( 'NONE', #1643, .T. ) ;
ENDSEC;
END-ISO-10303-21;
